account_id,is_mule,mule_role,planted_cluster_id
acct_22d6c9a8e93f,1,mule,0
acct_218ccf971620,1,mule,0
acct_b734358c0f71,1,disperser,0
acct_5969580f8839,1,mule,0
acct_6b84da218a77,1,disperser,0
acct_4da8c8462359,1,mule,0
acct_377d0045811a,1,mule,0
acct_bca032927418,1,mule,0
acct_f01ec9c686f8,1,mule,0
acct_cebee1fa95a4,1,mule,0
acct_643cd3ffbd5e,1,collector,0
acct_3d180a6ca771,1,mule,0
acct_121145e87a6b,1,collector,0
acct_4c96771cc812,1,mule,0
acct_99ec6b61f0d2,1,mule,0
acct_0791ecb88f95,1,mule,0
acct_be0288fa48e9,1,recruiter,0
acct_ea2113b7e475,1,collector,0
acct_462945631ac1,1,mule,1
acct_55cd58e8b089,1,mule,1
acct_019f8cfe56eb,1,disperser,1
acct_51433995381a,1,mule,1
acct_3a9359ceb259,1,mule,1
acct_88cfca820516,1,mule,1
acct_7e3d308d8852,1,mule,1
acct_66af0b30d90b,1,mule,1
acct_c8effdce395c,1,mule,1
acct_9c991475d169,1,recruiter,1
acct_b5402584a9c6,1,mule,1
acct_24224c0acb45,1,collector,1
acct_266cd9b1c15b,1,mule,1
acct_331f3790f5de,1,disperser,1
acct_b7dff1dba5b7,1,collector,1
acct_650296341dd6,1,mule,1
acct_2fe1fd45f7fa,1,mule,1
acct_05c316b635d6,1,collector,1
acct_ec8b4375a280,1,recruiter,2
acct_a4a212fbf6f7,1,collector,2
acct_fad6c08ff828,1,mule,2
acct_2c929f1e3abd,1,mule,2
acct_563b4af18a3d,1,mule,2
acct_66230894fb49,1,mule,2
acct_22f0d9d4fd67,1,disperser,2
acct_d7e45ba47086,1,mule,2
acct_988d90259488,1,mule,3
acct_199838fe1211,1,mule,3
acct_98a5ced0cefb,1,mule,3
acct_4d795fc62951,1,mule,3
acct_ebe10d2b6d86,1,mule,3
acct_83f51b61d50c,1,collector,3
acct_648504e2ea33,1,recruiter,3
acct_5f6bd866d56d,1,mule,3
acct_8f51dabd1c7e,1,disperser,3
acct_1745a41694be,1,mule,3
acct_b174b504c6fb,1,mule,3
acct_15d58b1765e9,1,mule,4
acct_5ab9e94acfb0,1,mule,4
acct_fb68bfa7fc0f,1,mule,4
acct_1b71223c5e6c,1,mule,4
acct_e8d75709239e,1,mule,4
acct_ea20ced268ad,1,mule,4
acct_caff76f8fece,1,collector,4
acct_22ec3e8d40c2,1,recruiter,4
acct_f546d77eb2b4,1,mule,4
acct_7b1c9c03d120,1,mule,4
acct_fdd471b41759,1,disperser,4
acct_0814d70e33bf,1,mule,5
acct_b906438a5fec,1,collector,5
acct_4fa84fb5fb14,1,mule,5
acct_78a2edd12297,1,mule,5
acct_f1977b54bc13,1,mule,5
acct_5d5e3a8a1c1e,1,recruiter,5
acct_042d23a33973,1,mule,5
acct_46a7ddf874bb,1,mule,5
acct_12ff5d87fb40,1,mule,5
acct_0787c922930b,1,collector,5
acct_fb6916c8dfaf,1,mule,5
acct_b8237fc2d155,1,mule,5
acct_36441d33739a,1,mule,5
acct_61c3c42cb54b,1,mule,5
acct_292ba5378be5,1,disperser,5
acct_bb6ab33b68cd,1,disperser,5
acct_410520c46474,1,mule,6
acct_10915145e280,1,mule,6
acct_a1ad66c618e6,1,mule,6
acct_f2a30b75ff73,1,mule,6
acct_68f2a90b597b,1,collector,6
acct_394a6becea43,1,collector,6
acct_47adbf3d71fb,1,mule,6
acct_a02ac6d8c223,1,collector,6
acct_beefd5d6b76a,1,mule,6
acct_96048bfde935,1,mule,6
acct_7b4a6365ab8b,1,mule,6
acct_8a2028299472,1,mule,6
acct_250fe658149f,1,mule,6
acct_287ea0343c5a,1,disperser,6
acct_2ea1d2557746,1,disperser,6
acct_044d661d6d88,1,mule,6
acct_01799f4e4201,1,mule,6
acct_1c8a1df5b52b,1,mule,6
acct_3cf1951dbb9c,1,recruiter,6
acct_074753114ee1,1,mule,7
acct_87aa33683b95,1,mule,7
acct_9422228e4139,1,mule,7
acct_a2b1afdc55d7,1,mule,7
acct_918c3270b46a,1,collector,7
acct_cd01cb8b1c98,1,collector,7
acct_2e5d8c76e81a,1,mule,7
acct_7d2e68bebefd,1,recruiter,7
acct_7e85fce9c357,1,mule,7
acct_3a6cc2bfce60,1,mule,7
acct_3702d2402afb,1,mule,7
acct_d85192ee12f0,1,mule,7
acct_cfe8550f4e52,1,mule,7
acct_a054d855acd5,1,mule,7
acct_3ddbc8b1aa09,1,disperser,7
acct_7d0ca6beef7a,0,none,-1
acct_eef0102629d9,0,none,-1
acct_14c9886c74e2,0,none,-1
acct_eeaf1759c5f9,0,none,-1
acct_28a042591ce7,0,none,-1
acct_fc514bf8e2e7,0,none,-1
acct_b717a6e3251e,0,none,-1
acct_f8287ef220ae,0,none,-1
acct_13c07e1e1d95,0,none,-1
acct_d27eabc5addc,0,none,-1
acct_1f29409c689c,0,none,-1
acct_b66bead45dff,0,none,-1
acct_67a6d3bdc30d,0,none,-1
acct_d25d62d8f420,0,none,-1
acct_bbe152c8a633,0,none,-1
acct_517f405f5a55,0,none,-1
acct_ed634cf1081f,0,none,-1
acct_a1f14fe58c5d,0,none,-1
acct_4c8957eed9aa,0,none,-1
acct_9fb56a7e60d7,0,none,-1
acct_a5a6095796b8,0,none,-1
acct_53bb9534bdaf,0,none,-1
acct_b6e6c8dcd7b1,0,none,-1
acct_baaa01605683,0,none,-1
acct_f0a230b9118a,0,none,-1
acct_9740ebfa0a26,0,none,-1
acct_e76006f576ff,0,none,-1
acct_f3a324b4c18f,0,none,-1
acct_5e002a1d6040,0,none,-1
acct_bd70e58be268,0,none,-1
acct_c97cd29ca42e,0,none,-1
acct_c267dfc2c35b,0,none,-1
acct_a9ef756928ce,0,none,-1
acct_3bde15256a86,0,none,-1
acct_bd904197a756,0,none,-1
acct_1c277346b68a,0,none,-1
acct_abcfca644695,0,none,-1
acct_54c03f4c0fef,0,none,-1
acct_91188416e916,0,none,-1
acct_f530d313ce24,0,none,-1
acct_e1852fa1b743,0,none,-1
acct_df7c30748c38,0,none,-1
acct_fd5a4bac1b65,0,none,-1
acct_62cb2225b0ce,0,none,-1
acct_36647bcd522e,0,none,-1
acct_24335e18025b,0,none,-1
acct_f9958b3ed174,0,none,-1
acct_41e28f7495a1,0,none,-1
acct_5893e98577f3,0,none,-1
acct_21e31f69d9ba,0,none,-1
acct_1a82985efe8e,0,none,-1
acct_6e38649d9c37,0,none,-1
acct_0aec8161b69a,0,none,-1
acct_c512e04ac6b5,0,none,-1
acct_85d27096c37a,0,none,-1
acct_7c25b9349ec6,0,none,-1
acct_a8d5d24b67a5,0,none,-1
acct_f1d793104b46,0,none,-1
acct_8673d513b877,0,none,-1
acct_fbd061534015,0,none,-1
acct_ea0e6e769ad6,0,none,-1
acct_ed7513e66b5e,0,none,-1
acct_2753a8779034,0,none,-1
acct_2aeba171c195,0,none,-1
acct_c0789df358d9,0,none,-1
acct_0afafcee931e,0,none,-1
acct_55bf6873b215,0,none,-1
acct_487bb6ad033a,0,none,-1
acct_94265192a7b8,0,none,-1
acct_27f6ff6971f3,0,none,-1
acct_1204d3a34391,0,none,-1
acct_f7680cf68073,0,none,-1
acct_ce2c50d4abee,0,none,-1
acct_ebea6b8387a4,0,none,-1
acct_c52457c83955,0,none,-1
acct_166ceb7d78b2,0,none,-1
acct_04eaa950b8d1,0,none,-1
acct_a2aed8a9ec9b,0,none,-1
acct_51e62cc43810,0,none,-1
acct_e5d6acdb8be4,0,none,-1
acct_0bd57c85190b,0,none,-1
acct_811b08ca51b6,0,none,-1
acct_2e9e00561d4e,0,none,-1
acct_7fd1f658bef6,0,none,-1
acct_228f3e2b27f5,0,none,-1
acct_4dbd0a2ce9f7,0,none,-1
acct_dd3be7c00033,0,none,-1
acct_8d882d017f8f,0,none,-1
acct_f4f874864fb4,0,none,-1
acct_2089963be944,0,none,-1
acct_3def8e69b1b0,0,none,-1
acct_caebe3ffc671,0,none,-1
acct_f2798a7c9b76,0,none,-1
acct_707ce560da72,0,none,-1
acct_452a21b4f66c,0,none,-1
acct_7860a4322e6c,0,none,-1
acct_78743937e76f,0,none,-1
acct_eed3bcdbdf50,0,none,-1
acct_78d7ecd381ad,0,none,-1
acct_2fc849ada8b4,0,none,-1
acct_17cbc7ca96e6,0,none,-1
acct_e34fa5274c30,0,none,-1
acct_75b94429f1b7,0,none,-1
acct_8a21fb59a80f,0,none,-1
acct_ca1df3b02086,0,none,-1
acct_e8476cf8f4da,0,none,-1
acct_fd7808040f13,0,none,-1
acct_ec2caa0893d4,0,none,-1
acct_0ed1fdb86ab2,0,none,-1
acct_7d7185f235df,0,none,-1
acct_7ccf93643a43,0,none,-1
acct_eaac7c280448,0,none,-1
acct_93e0ed7eabbc,0,none,-1
acct_215319488865,0,none,-1
acct_14a58d40ad50,0,none,-1
acct_ad81db79058d,0,none,-1
acct_c229c261169f,0,none,-1
acct_bd8257ca1e11,0,none,-1
acct_a65dd4c19795,0,none,-1
acct_6985cf60f67c,0,none,-1
acct_7d70d1eab113,0,none,-1
acct_d99da5b51b08,0,none,-1
acct_59054c426829,0,none,-1
acct_d716c657f450,0,none,-1
acct_c587bfc0eea0,0,none,-1
acct_2ee71fbb7aa9,0,none,-1
acct_0b2feec68061,0,none,-1
acct_ae4a5642da11,0,none,-1
acct_ceb940bc0783,0,none,-1
acct_1d99b935a1be,0,none,-1
acct_3c51446fc204,0,none,-1
acct_453a3f8cccbb,0,none,-1
acct_7ac5fb44a97c,0,none,-1
acct_4adf5df384a0,0,none,-1
acct_291bc99c7591,0,none,-1
acct_423c96a98cab,0,none,-1
acct_a3a708b49bfe,0,none,-1
acct_3c3f7b14cd99,0,none,-1
acct_148d1c1b8412,0,none,-1
acct_6852bd27927d,0,none,-1
acct_39855fdc6973,0,none,-1
acct_eb4e0abac8bf,0,none,-1
acct_e0d6fb986e4c,0,none,-1
acct_b4b7f88e5071,0,none,-1
acct_0eac64c79227,0,none,-1
acct_c91f580f117f,0,none,-1
acct_9bdd8dcea703,0,none,-1
acct_c9d4de7d45be,0,none,-1
acct_c4300a6d4f91,0,none,-1
acct_a870d52fa391,0,none,-1
acct_6b99e6b73252,0,none,-1
acct_c3ac874cee55,0,none,-1
acct_59c73ce8178f,0,none,-1
acct_5132e5ef74de,0,none,-1
acct_19afd255e77f,0,none,-1
acct_2f5c55889d02,0,none,-1
acct_3c437b03ad0d,0,none,-1
acct_dbe6d0d09946,0,none,-1
acct_8a9eab8d38c4,0,none,-1
acct_8440f9c82b0a,0,none,-1
acct_76e4181253a5,0,none,-1
acct_e9c78bcbff3e,0,none,-1
acct_5174727b2fc0,0,none,-1
acct_76dd39aee4c2,0,none,-1
acct_31bef261b0f0,0,none,-1
acct_fb069bc5ac3b,0,none,-1
acct_54837a32a389,0,none,-1
acct_4bd6dbc41ece,0,none,-1
acct_1cbcf7c2f5ab,0,none,-1
acct_4dd7492b541f,0,none,-1
acct_ffde999463db,0,none,-1
acct_3c22a42566fa,0,none,-1
acct_d96cc57b044a,0,none,-1
acct_9b2bf5089e78,0,none,-1
acct_2228dc87d364,0,none,-1
acct_82fcd998a39c,0,none,-1
acct_64e9f240481b,0,none,-1
acct_d94031e735bc,0,none,-1
acct_e59c4e532486,0,none,-1
acct_c9666423f6a0,0,none,-1
acct_72c00da9932d,0,none,-1
acct_afb77ea023f0,0,none,-1
acct_9ddff8f196ed,0,none,-1
acct_55119e7e6b56,0,none,-1
acct_ba7a0cd62794,0,none,-1
acct_795f3be07397,0,none,-1
acct_9b3f8ba94f90,0,none,-1
acct_73517682548a,0,none,-1
acct_3a8cb64aff3f,0,none,-1
acct_7cd49771385d,0,none,-1
acct_dd7473a456b6,0,none,-1
acct_bde3325c4190,0,none,-1
acct_62198c9ed293,0,none,-1
acct_5cb582987a82,0,none,-1
acct_85af0e326e8c,0,none,-1
acct_ae6e55d57b6e,0,none,-1
acct_f8bc6a209e58,0,none,-1
acct_0c7c1431ab5c,0,none,-1
acct_499067e9e259,0,none,-1
acct_1d649840ec4a,0,none,-1
acct_94b7d1d3c108,0,none,-1
acct_8cee5a35ed06,0,none,-1
acct_80648288b5de,0,none,-1
acct_a90bb1cce45a,0,none,-1
acct_230ddeb35158,0,none,-1
acct_60281005bb27,0,none,-1
acct_d27821575627,0,none,-1
acct_91483c91612d,0,none,-1
acct_cd9689697d8f,0,none,-1
acct_74d42083d603,0,none,-1
acct_708cba2a9b5e,0,none,-1
acct_61ba6f623bef,0,none,-1
acct_2a8524ebc7ac,0,none,-1
acct_d6c4102b8589,0,none,-1
acct_11c846b4eb85,0,none,-1
acct_5465aee8fcb4,0,none,-1
acct_3019e2a0d0c3,0,none,-1
acct_54797357ec8f,0,none,-1
acct_b23dc36934c2,0,none,-1
acct_376a8eb52635,0,none,-1
acct_710f4964dfb0,0,none,-1
acct_759fa8010372,0,none,-1
acct_1316a9071f6b,0,none,-1
acct_d4d85a4c6395,0,none,-1
acct_3b85cad63cb5,0,none,-1
acct_4f3bdc0c7a97,0,none,-1
acct_97b35b6f5553,0,none,-1
acct_955596194e33,0,none,-1
acct_54c2ab534ae4,0,none,-1
acct_19d3266d1ec0,0,none,-1
acct_c5e68d12e34a,0,none,-1
acct_7c1536d6cbe4,0,none,-1
acct_c13a904a2369,0,none,-1
acct_eb861373ffc3,0,none,-1
acct_158681d09c9e,0,none,-1
acct_4e075bc3f862,0,none,-1
acct_ecfb128b6c34,0,none,-1
acct_a6b723f57c3b,0,none,-1
acct_e7da06e8fe57,0,none,-1
acct_7f30a853e82a,0,none,-1
acct_5c42f285960a,0,none,-1
acct_82fde92984f2,0,none,-1
acct_ca6044ca5436,0,none,-1
acct_cb9a06732db7,0,none,-1
acct_74ce40201757,0,none,-1
acct_a56fe15bbfa7,0,none,-1
acct_faf7868f4fe5,0,none,-1
acct_116edd2b0436,0,none,-1
acct_45743cd3e5f2,0,none,-1
acct_5b3e31986cc9,0,none,-1
acct_e17caf752151,0,none,-1
acct_d151c896a874,0,none,-1
acct_caf37eb61a49,0,none,-1
acct_798f226e784d,0,none,-1
acct_7cfdd6f7059b,0,none,-1
acct_7adb174c6832,0,none,-1
acct_d452fde0aa1b,0,none,-1
acct_8987fd08302b,0,none,-1
acct_3cebfc624a78,0,none,-1
acct_69c09f0c46dc,0,none,-1
acct_d1893e022e07,0,none,-1
acct_c333905dbffc,0,none,-1
acct_739b5059fe60,0,none,-1
acct_8fc00199a0c4,0,none,-1
acct_aa185ac7a619,0,none,-1
acct_9fc3345ce917,0,none,-1
acct_91dee2468185,0,none,-1
acct_11c7f5b24a71,0,none,-1
acct_7be7adddccad,0,none,-1
acct_c20d27bec278,0,none,-1
acct_920ea124ad5b,0,none,-1
acct_947cec596771,0,none,-1
acct_4b8dda131892,0,none,-1
acct_58d5e1e44f85,0,none,-1
acct_fa09659d537b,0,none,-1
acct_844971544ba2,0,none,-1
acct_f37f840bd911,0,none,-1
acct_5629c16e388d,0,none,-1
acct_30c5a217f006,0,none,-1
acct_5e19afde9b1f,0,none,-1
acct_67e6a2981cfb,0,none,-1
acct_b3c6788f63f4,0,none,-1
acct_5b9deca2b9fa,0,none,-1
acct_5bc562e368cb,0,none,-1
acct_4dbd8493c6b1,0,none,-1
acct_c83dd1eec2c0,0,none,-1
acct_fd07d4dde2a0,0,none,-1
acct_e7ad9ce3e876,0,none,-1
acct_409a1f1a91c5,0,none,-1
acct_d59c26d92045,0,none,-1
acct_bff45699225c,0,none,-1
acct_8d1d9f405e68,0,none,-1
acct_3b8202d4b82a,0,none,-1
acct_267c318ac19d,0,none,-1
acct_bf55bc3ed278,0,none,-1
acct_e6617bd30f70,0,none,-1
acct_52701bb7b078,0,none,-1
acct_1ae47b991828,0,none,-1
acct_4c1f28ef8c48,0,none,-1
acct_ea9fb125fb5a,0,none,-1
acct_72749d09f37c,0,none,-1
acct_b56d0ac3d06e,0,none,-1
acct_ffb6658d9222,0,none,-1
acct_65f35e0946ed,0,none,-1
acct_4f3d91677303,0,none,-1
acct_d48d48f814cb,0,none,-1
acct_927b6af33e3a,0,none,-1
acct_6bcdc0b4c599,0,none,-1
acct_9373f62d99e2,0,none,-1
acct_b2ebc9d6c018,0,none,-1
acct_7fac433039d8,0,none,-1
acct_99e2f47a3496,0,none,-1
acct_7a30271dc4f1,0,none,-1
acct_7eb9d0d1e61e,0,none,-1
acct_308f972abb3c,0,none,-1
acct_7115bdd46416,0,none,-1
acct_549e9d3c21e2,0,none,-1
acct_ed9e77ac9285,0,none,-1
acct_0c8b24bff0a8,0,none,-1
acct_68bc266766be,0,none,-1
acct_caf767db7f68,0,none,-1
acct_1d10f40a7afd,0,none,-1
acct_7cad2276ce92,0,none,-1
acct_c08643fefb36,0,none,-1
acct_c3f831b316a8,0,none,-1
acct_2a07c59998e8,0,none,-1
acct_94f547872cad,0,none,-1
acct_202e5330b6bb,0,none,-1
acct_6632950b3f0c,0,none,-1
acct_c8ed8c3a1c5f,0,none,-1
acct_be8f0bcd77cf,0,none,-1
acct_26a276ac20d1,0,none,-1
acct_0bb2e7e1ac8e,0,none,-1
acct_c633acfcc7a0,0,none,-1
acct_69f1927014e8,0,none,-1
acct_5ee81004c953,0,none,-1
acct_071cfc633b4c,0,none,-1
acct_27b022a5c1ae,0,none,-1
acct_7108a663945c,0,none,-1
acct_be55218d9991,0,none,-1
acct_9a435a937458,0,none,-1
acct_4f34efd466cf,0,none,-1
acct_1ad16a192cd9,0,none,-1
acct_e856022475c0,0,none,-1
acct_a161cea65aff,0,none,-1
acct_3fdc0e32cd4c,0,none,-1
acct_2b4daf432fc6,0,none,-1
acct_c0f261a095e2,0,none,-1
acct_98be6680658b,0,none,-1
acct_72b782823811,0,none,-1
acct_609d9af4b8e9,0,none,-1
acct_91c55b014ed7,0,none,-1
acct_ba0273e0923d,0,none,-1
acct_b80bc6661a3b,0,none,-1
acct_75addc80f38e,0,none,-1
acct_dbbea7480fca,0,none,-1
acct_5da2a1f6d00a,0,none,-1
acct_7d2bc231cfd5,0,none,-1
acct_c29ba03eb192,0,none,-1
acct_e2e72d3bda0c,0,none,-1
acct_7aca3f8f8a97,0,none,-1
acct_1b9d0be5e95b,0,none,-1
acct_426d4250cc3f,0,none,-1
acct_13955084cdd0,0,none,-1
acct_287672119e06,0,none,-1
acct_ef1a019ca6bc,0,none,-1
acct_6c3ce0c12ff3,0,none,-1
acct_ab61ac5bc620,0,none,-1
acct_6b89d697b2dc,0,none,-1
acct_aa29f62406f3,0,none,-1
acct_6b0a9b9d36b7,0,none,-1
acct_049a316a1f28,0,none,-1
acct_9bfc28c9d8f7,0,none,-1
acct_504623e7ebd8,0,none,-1
acct_cebacea6c62e,0,none,-1
acct_33d40a879418,0,none,-1
acct_511c78c9613b,0,none,-1
acct_41dd1522b884,0,none,-1
acct_d54d3fbdd9a2,0,none,-1
acct_52708e4333a7,0,none,-1
acct_84fe9783a5e3,0,none,-1
acct_546d109d5203,0,none,-1
acct_c11888a754cf,0,none,-1
acct_51ba1f8ff4db,0,none,-1
acct_18d78fa19b44,0,none,-1
acct_5553d1f1c22f,0,none,-1
acct_d9049a241859,0,none,-1
acct_745f608d16a3,0,none,-1
acct_8a9cf30f798c,0,none,-1
acct_0ce479d02b6f,0,none,-1
acct_d988c36b28ce,0,none,-1
acct_632dc542f5ef,0,none,-1
acct_ce0e56d90b92,0,none,-1
acct_6a78ab85a5d0,0,none,-1
acct_15394777f453,0,none,-1
acct_fe780a3a8bbe,0,none,-1
acct_f4170042d025,0,none,-1
acct_2da28ae0b8f0,0,none,-1
acct_b6603ef28aae,0,none,-1
acct_50b4b232799a,0,none,-1
acct_6f1f50dc6ce0,0,none,-1
acct_303d081c816b,0,none,-1
acct_6e886ce806b7,0,none,-1
acct_65bae301f67e,0,none,-1
acct_a5ab1fbdea51,0,none,-1
acct_2e8ee4c6bf17,0,none,-1
acct_1d021841346a,0,none,-1
acct_7ea8e015da56,0,none,-1
acct_37d3e7b5b2ca,0,none,-1
acct_db56cceb0514,0,none,-1
acct_31d0008de867,0,none,-1
acct_00f8b94efacc,0,none,-1
acct_899b1d861f2e,0,none,-1
acct_a977891f13bb,0,none,-1
acct_7b01f7bd2f66,0,none,-1
acct_a968e18e7e9b,0,none,-1
acct_e879fd6efa5a,0,none,-1
acct_388b25e234bb,0,none,-1
acct_288b0dfb02d3,0,none,-1
acct_1bb007e4c8dd,0,none,-1
acct_3ec357a4d100,0,none,-1
acct_52e01f083765,0,none,-1
acct_28cf8b84f8fa,0,none,-1
acct_4f3c036aba6c,0,none,-1
acct_c77e413615d3,0,none,-1
acct_be8416e30131,0,none,-1
acct_ac46958e8642,0,none,-1
acct_dbaad4f1c79f,0,none,-1
acct_1a3a35d4c12a,0,none,-1
acct_59873f0b08d8,0,none,-1
acct_8ed007af9e9c,0,none,-1
acct_1e8c62803542,0,none,-1
acct_2a60c4a042d1,0,none,-1
acct_22eb554d846e,0,none,-1
acct_9ba0fdaf9c5a,0,none,-1
acct_a66e3d018bf3,0,none,-1
acct_7446d1c77083,0,none,-1
acct_acee26528795,0,none,-1
acct_72144a7dced2,0,none,-1
acct_eb9ef5f8d382,0,none,-1
acct_177fbc12dd0f,0,none,-1
acct_9b4028fd527f,0,none,-1
acct_f6b8b22b0ddb,0,none,-1
acct_a723d02567fe,0,none,-1
acct_a61ffb097792,0,none,-1
acct_73b3a60583ef,0,none,-1
acct_1f2c9cf6b0b2,0,none,-1
acct_e4c7d835829f,0,none,-1
acct_26c8fcb1ac9f,0,none,-1
acct_8bf844ffe4c5,0,none,-1
acct_0c2b539d0adc,0,none,-1
acct_a542a8d559b3,0,none,-1
acct_bc2c1e3898a9,0,none,-1
acct_47ccb90e31d6,0,none,-1
acct_386d64227e5e,0,none,-1
acct_e913643557d6,0,none,-1
acct_2b86b2a0971b,0,none,-1
acct_f724a3eb8380,0,none,-1
acct_457839901f12,0,none,-1
acct_9bf553eac650,0,none,-1
acct_a1ccaddd0314,0,none,-1
acct_b814c14fb6d1,0,none,-1
acct_f33a4c02e0c8,0,none,-1
acct_8c98cfbec10c,0,none,-1
acct_1fcaeec6de97,0,none,-1
acct_6fa1aa6f6632,0,none,-1
acct_675ad9c995f4,0,none,-1
acct_268715bbd01d,0,none,-1
acct_b7e4bf67683a,0,none,-1
acct_55b748cd665a,0,none,-1
acct_5769b0a2c862,0,none,-1
acct_f537cde6f036,0,none,-1
acct_bf6b0c29c851,0,none,-1
acct_7f2d8ba46e21,0,none,-1
acct_5ed70d32642f,0,none,-1
acct_911f789bf0bf,0,none,-1
acct_065dac0144c4,0,none,-1
acct_336920282453,0,none,-1
acct_9d5387e7907e,0,none,-1
acct_54e4c36d0359,0,none,-1
acct_579563799f02,0,none,-1
acct_7e8860cc576c,0,none,-1
acct_a97fff75d881,0,none,-1
acct_febbc7ba1a14,0,none,-1
acct_b79ef0bb70d1,0,none,-1
acct_47911ccb1f78,0,none,-1
acct_cc0369bc8930,0,none,-1
acct_8fbe63ebbaee,0,none,-1
acct_a4302de2a282,0,none,-1
acct_f38264bf2e68,0,none,-1
acct_b1b564eb95a0,0,none,-1
acct_64f852e58c7e,0,none,-1
acct_4805af9ac8f9,0,none,-1
acct_740cb6b40ec1,0,none,-1
acct_9e57201566ad,0,none,-1
acct_83598286f5d4,0,none,-1
acct_795a3499677d,0,none,-1
acct_256de489294d,0,none,-1
acct_ef3f41d81f72,0,none,-1
acct_664986d1d445,0,none,-1
acct_04cd2d4d5f19,0,none,-1
acct_ca9c4ae4e777,0,none,-1
acct_5bb517169485,0,none,-1
acct_d920b927d5f4,0,none,-1
acct_0bcad00b64a5,0,none,-1
acct_aa1d7935f67a,0,none,-1
acct_dfe731054657,0,none,-1
acct_9e61d32f133c,0,none,-1
acct_244a484c0bfd,0,none,-1
acct_38072e3c3d54,0,none,-1
acct_0b408ac6bb8a,0,none,-1
acct_36d8d85a2f3d,0,none,-1
acct_576f78c36e93,0,none,-1
acct_69d3a25d5183,0,none,-1
acct_d6498e58714d,0,none,-1
acct_f299ff635ab0,0,none,-1
acct_36355752695c,0,none,-1
acct_01d7558b894d,0,none,-1
acct_fd4156a0596e,0,none,-1
acct_71b49912cc52,0,none,-1
acct_6be678c10189,0,none,-1
acct_6ada1ce8afb8,0,none,-1
acct_01e846b8b27a,0,none,-1
acct_61df1bddfac9,0,none,-1
acct_438771e943fe,0,none,-1
acct_9190314bb97b,0,none,-1
acct_2dfbde4be1a2,0,none,-1
acct_88ec8e799a2a,0,none,-1
acct_b0098921f35a,0,none,-1
acct_a97598b772c2,0,none,-1
acct_07a175676350,0,none,-1
acct_c1578f598060,0,none,-1
acct_f1209bf51cc2,0,none,-1
acct_e518a3dec585,0,none,-1
acct_4fb51400ad65,0,none,-1
acct_387c566b5dea,0,none,-1
acct_a677be27a4e3,0,none,-1
acct_be5539c4fb4c,0,none,-1
acct_2befdfadf1ec,0,none,-1
acct_22331611ebe5,0,none,-1
acct_8ee51fe65701,0,none,-1
acct_d9c2410a89d9,0,none,-1
acct_2496743d32b8,0,none,-1
acct_15f95afb2906,0,none,-1
acct_8b625b57c28a,0,none,-1
acct_a508f2f33607,0,none,-1
acct_08205ce9c784,0,none,-1
acct_ce3fc0318de4,0,none,-1
acct_124520fec474,0,none,-1
acct_3069b98f2671,0,none,-1
acct_7a97620e60ee,0,none,-1
acct_20c7ad3ca458,0,none,-1
acct_c7b054d30945,0,none,-1
acct_eb9c54f857b9,0,none,-1
acct_9f93cb037200,0,none,-1
acct_6c1679805525,0,none,-1
acct_bf0c68d23f40,0,none,-1
acct_b567c2969145,0,none,-1
acct_6cbe530f2b40,0,none,-1
acct_9e51e24ec767,0,none,-1
acct_ae3ca6599207,0,none,-1
acct_1ccb3d04992d,0,none,-1
acct_df39affea0e7,0,none,-1
acct_10e58bf8e9b6,0,none,-1
acct_738e6f478e78,0,none,-1
acct_f2c2ca8a23fc,0,none,-1
acct_7f5dd8c31d5d,0,none,-1
acct_71ebbffcbe33,0,none,-1
acct_9f4e475bc01a,0,none,-1
acct_e284373925e0,0,none,-1
acct_45ac3c2218d4,0,none,-1
acct_9d5287273b9b,0,none,-1
acct_89eef8ee768e,0,none,-1
acct_c386e030a999,0,none,-1
acct_bbf451dc2d49,0,none,-1
acct_89de1e83a0af,0,none,-1
acct_59a6db6e54bd,0,none,-1
acct_bc902fe1c3ea,0,none,-1
acct_61ae00e00f30,0,none,-1
acct_6cbae18425a4,0,none,-1
acct_50b8192b4164,0,none,-1
acct_47326bb95c53,0,none,-1
acct_d0a7e1cee514,0,none,-1
acct_892947441fc8,0,none,-1
acct_79c435873abb,0,none,-1
acct_378e79414b13,0,none,-1
acct_42bfe070d830,0,none,-1
acct_dcf7c8262236,0,none,-1
acct_852451892dae,0,none,-1
acct_07a3edc44ccd,0,none,-1
acct_0c6634c54864,0,none,-1
acct_e14c3860c82f,0,none,-1
acct_b614c3e92af8,0,none,-1
acct_0be411b5816c,0,none,-1
acct_599d7e8607ab,0,none,-1
acct_d292b8886a36,0,none,-1
acct_614b63885539,0,none,-1
acct_72a9a52cce8b,0,none,-1
acct_6f68f6e707f1,0,none,-1
acct_f0b740a0f36d,0,none,-1
acct_a2d77a0b7db0,0,none,-1
acct_298a4e9301f8,0,none,-1
acct_3e4ae3c444c2,0,none,-1
acct_23b50c01b18b,0,none,-1
acct_446b581a8d61,0,none,-1
acct_ae15714b0287,0,none,-1
acct_3148dfd43eb9,0,none,-1
acct_3fcca43cf70f,0,none,-1
acct_3cd005193ef3,0,none,-1
acct_68a1f6e2ef4d,0,none,-1
acct_3ad54ed5f216,0,none,-1
acct_9469ad04dcb1,0,none,-1
acct_e772ac90efb0,0,none,-1
acct_78961e5bb341,0,none,-1
acct_aff43affd777,0,none,-1
acct_040e92a2d5c7,0,none,-1
acct_dcf8e8fed088,0,none,-1
acct_9957cb307a5e,0,none,-1
acct_83cd7d601b1e,0,none,-1
acct_7c0e7e81f013,0,none,-1
acct_1679ddafdbf2,0,none,-1
acct_45d5a6b307d0,0,none,-1
acct_bccf10868d05,0,none,-1
acct_518fc5123433,0,none,-1
acct_905e3ba332ee,0,none,-1
acct_b7738a4063d7,0,none,-1
acct_01fce2332da1,0,none,-1
acct_888cbfb26387,0,none,-1
acct_de5ca50a3512,0,none,-1
acct_5fdba2e2b7aa,0,none,-1
acct_f4f858c63829,0,none,-1
acct_d160517f2ae3,0,none,-1
acct_bf179d88f1e3,0,none,-1
acct_b266653880a5,0,none,-1
acct_f427abd06445,0,none,-1
acct_c66710f1cce5,0,none,-1
acct_6027fd2f3ff5,0,none,-1
acct_1769996fb6d6,0,none,-1
acct_33783c418251,0,none,-1
acct_47cb5100f99a,0,none,-1
acct_72559b0049f3,0,none,-1
acct_a2bd8999f5c6,0,none,-1
acct_fa5448dc668b,0,none,-1
acct_908bf6ffeb38,0,none,-1
acct_6f9a8c76c904,0,none,-1
acct_c660661d0810,0,none,-1
acct_499e1aa69361,0,none,-1
acct_6546d324f802,0,none,-1
acct_b95919c72fc9,0,none,-1
acct_16e88ce03a7c,0,none,-1
acct_c58a84a7f6c9,0,none,-1
acct_4c406e31b453,0,none,-1
acct_06e119e00c04,0,none,-1
acct_962a3296826d,0,none,-1
acct_3382efbb3850,0,none,-1
acct_2a8aea806229,0,none,-1
acct_f30aac190277,0,none,-1
acct_bfbf01439b28,0,none,-1
acct_bf8576d12607,0,none,-1
acct_a4c400c99c10,0,none,-1
acct_9b26818a7165,0,none,-1
acct_2859f891d7fa,0,none,-1
acct_cccc56f9ab5e,0,none,-1
acct_026556288c07,0,none,-1
acct_3e3d5ac1a4f3,0,none,-1
acct_316fd586d185,0,none,-1
acct_537118bf7a35,0,none,-1
acct_818d2bbeb1a6,0,none,-1
acct_c6028c787596,0,none,-1
acct_dae6195b95fb,0,none,-1
acct_06b2c293b275,0,none,-1
acct_a5d057e4f3e3,0,none,-1
acct_8444fad3a06b,0,none,-1
acct_185b3c63f126,0,none,-1
acct_0f652fe02806,0,none,-1
acct_32efc78c5191,0,none,-1
acct_acda4cd2ddc9,0,none,-1
acct_b8a70d250037,0,none,-1
acct_799a9d92cb1b,0,none,-1
acct_e3c5b75d06c7,0,none,-1
acct_8ec7748f0394,0,none,-1
acct_19a66de07fa9,0,none,-1
acct_3d025004880e,0,none,-1
acct_82c5b3945c53,0,none,-1
acct_3debd723fd48,0,none,-1
acct_b03d53105b14,0,none,-1
acct_61fa651fc985,0,none,-1
acct_b5732df8a656,0,none,-1
acct_2ea018b5ead4,0,none,-1
acct_fb7254104a7a,0,none,-1
acct_959df28135cf,0,none,-1
acct_00c3c98770fe,0,none,-1
acct_8d6bf8de1d5d,0,none,-1
acct_99ba4c92bd5d,0,none,-1
acct_a16e15a45bb0,0,none,-1
acct_b854a6ca6c37,0,none,-1
acct_b7e86aee7c1f,0,none,-1
acct_828ddd06da75,0,none,-1
acct_7abd1e48cd3e,0,none,-1
acct_91ae57464b63,0,none,-1
acct_433615ab2102,0,none,-1
acct_66bc49b2745e,0,none,-1
acct_376dae1b9515,0,none,-1
acct_3a7642cae9c4,0,none,-1
acct_0d6719f0ff0a,0,none,-1
acct_9164bfffb72f,0,none,-1
acct_9398339a661e,0,none,-1
acct_5eb99af167e2,0,none,-1
acct_32d13d234d1b,0,none,-1
acct_ec3023c0143f,0,none,-1
acct_2f48ba8f0d98,0,none,-1
acct_a2926614fd1d,0,none,-1
acct_ab57b7125295,0,none,-1
acct_e0ab9a79aaeb,0,none,-1
acct_ea1f1e5744b6,0,none,-1
acct_584ec1f0d600,0,none,-1
acct_a2a24e220ec9,0,none,-1
acct_686000657baf,0,none,-1
acct_4f394fb1892c,0,none,-1
acct_68c2dd6902e3,0,none,-1
acct_4a60570d3e68,0,none,-1
acct_fa2ff33a905b,0,none,-1
acct_3b2891fd1d9f,0,none,-1
acct_174c2a979dcb,0,none,-1
acct_db82d7605918,0,none,-1
acct_8712888a3d86,0,none,-1
acct_70089c074c9c,0,none,-1
acct_0bdb23a3ae88,0,none,-1
acct_5ee86322ac14,0,none,-1
acct_31ec0a1d4349,0,none,-1
acct_e33ccdd4458c,0,none,-1
acct_78523a9b8378,0,none,-1
acct_bae365cec755,0,none,-1
acct_9c20766687fd,0,none,-1
acct_67d884d3ee10,0,none,-1
acct_6e7b68e53e51,0,none,-1
acct_1e34c912f5d7,0,none,-1
acct_f674b499377a,0,none,-1
acct_a2e9a821c853,0,none,-1
acct_60a932086cf8,0,none,-1
acct_b8d91edaf798,0,none,-1
acct_3cc126f525e1,0,none,-1
acct_c6af648ec6be,0,none,-1
acct_6fba873101f5,0,none,-1
acct_5c3bc14c3c93,0,none,-1
acct_34b8abb55d15,0,none,-1
acct_6d880205f383,0,none,-1
acct_9f41893f58b3,0,none,-1
acct_9baaeaa48ba9,0,none,-1
acct_ecc5fd17cb7b,0,none,-1
acct_748142c1ab54,0,none,-1
acct_9d7087cdd7e0,0,none,-1
acct_6311eeaaee49,0,none,-1
acct_a999a5a110f8,0,none,-1
acct_80b6c715df50,0,none,-1
acct_bff17330cb6f,0,none,-1
acct_0415b999109c,0,none,-1
acct_67da8b511df6,0,none,-1
acct_371e5ba98f75,0,none,-1
acct_40145800c235,0,none,-1
acct_fbca5649beaf,0,none,-1
acct_b109c2b37aaf,0,none,-1
acct_e6e3f22d5cc7,0,none,-1
acct_ab7225dbdfd9,0,none,-1
acct_2c5fb701c0d7,0,none,-1
acct_8d2f014ab067,0,none,-1
acct_9e53ce6a4571,0,none,-1
acct_1487d5e1d011,0,none,-1
acct_27ff27878e2a,0,none,-1
acct_eece9a408af5,0,none,-1
acct_249f5802b278,0,none,-1
acct_7f9deda2ab2e,0,none,-1
acct_e44e353eeacd,0,none,-1
acct_bf06030a31f6,0,none,-1
acct_c56e9f855e7f,0,none,-1
acct_46d26c90e5cf,0,none,-1
acct_e0dd74ecd919,0,none,-1
acct_83477ed166bb,0,none,-1
acct_91aaed44cdd1,0,none,-1
acct_5f01b10fe818,0,none,-1
acct_e184b993ea18,0,none,-1
acct_233ed724da6c,0,none,-1
acct_921518596eda,0,none,-1
acct_f58cd8400b9d,0,none,-1
acct_61b395b60ff2,0,none,-1
acct_a72179de5aa4,0,none,-1
acct_fa8e2e62fe19,0,none,-1
acct_a2a34394ca99,0,none,-1
acct_fc69b5baf486,0,none,-1
acct_cf1a1cded9e2,0,none,-1
acct_1df12ce71113,0,none,-1
acct_220e68e5aa4f,0,none,-1
acct_ffd37609757b,0,none,-1
acct_7ecfba7624d8,0,none,-1
acct_4bc14f349ddc,0,none,-1
acct_3d331dc8f728,0,none,-1
acct_22a2bfa7d530,0,none,-1
acct_1735bed31489,0,none,-1
acct_9b283b0dbb76,0,none,-1
acct_38126e0d8673,0,none,-1
acct_1f378f11a172,0,none,-1
acct_5ee222098eab,0,none,-1
acct_5b02fc8a732c,0,none,-1
acct_4e550be62578,0,none,-1
acct_e893b2541965,0,none,-1
acct_9179bc755f34,0,none,-1
acct_53539ee96754,0,none,-1
acct_835b982b5676,0,none,-1
acct_9653d79f4dca,0,none,-1
acct_974cfabbd577,0,none,-1
acct_8a146f8917d1,0,none,-1
acct_86595e164294,0,none,-1
acct_4347176e6c16,0,none,-1
acct_a4c17e2badaa,0,none,-1
acct_9e99c385c3ba,0,none,-1
acct_9745bd703813,0,none,-1
acct_5003bb5d17f7,0,none,-1
acct_e1c84241dd42,0,none,-1
acct_dbca72008ca9,0,none,-1
acct_6b9f5016c98a,0,none,-1
acct_c41e9b27277c,0,none,-1
acct_3d89d50cda86,0,none,-1
acct_df19d4c28ab1,0,none,-1
acct_6fc81f3eb9aa,0,none,-1
acct_2f739b90d8a2,0,none,-1
acct_a368703cde43,0,none,-1
acct_da645ab7412b,0,none,-1
acct_2d7111032097,0,none,-1
acct_6b185b1e3eef,0,none,-1
acct_aec2f52fcde9,0,none,-1
acct_a1671cdc6f1b,0,none,-1
acct_06078273335b,0,none,-1
acct_48decd7612b8,0,none,-1
acct_79119217f46a,0,none,-1
acct_d81e3a6e63e1,0,none,-1
acct_4fd98a6866f8,0,none,-1
acct_0cb0eeb21b44,0,none,-1
acct_ab0f65c4031c,0,none,-1
acct_078f4a3b9210,0,none,-1
acct_1e68483b6324,0,none,-1
acct_7d45794d345f,0,none,-1
acct_39e25e7176b4,0,none,-1
acct_25c0a8c1c94a,0,none,-1
acct_c9966af6f1bc,0,none,-1
acct_d920dd24485d,0,none,-1
acct_0e0bb3f5b651,0,none,-1
acct_36f4879813d5,0,none,-1
acct_5a2ca235154d,0,none,-1
acct_1c9e9028da6a,0,none,-1
acct_3ba3602e6c3e,0,none,-1
acct_714ecc170352,0,none,-1
acct_3b7479cbcd90,0,none,-1
acct_139db7120925,0,none,-1
acct_dbbbdb2fa350,0,none,-1
acct_c6f3e2b266df,0,none,-1
acct_c2bcae0d5bb1,0,none,-1
acct_40954e0203a4,0,none,-1
acct_4526c093b6ef,0,none,-1
acct_3d5b0b8665f0,0,none,-1
acct_add5183032da,0,none,-1
acct_3ab784f2f61a,0,none,-1
acct_235cc24f15ae,0,none,-1
acct_720cc614ae90,0,none,-1
acct_f5ecd2129dc2,0,none,-1
acct_2ca371de1c5a,0,none,-1
acct_19b56606e3bd,0,none,-1
acct_957d34fe5e06,0,none,-1
acct_c51d49f62829,0,none,-1
acct_96384b6e6af6,0,none,-1
acct_04b583578122,0,none,-1
acct_effa559dac8e,0,none,-1
acct_0d2cca60339a,0,none,-1
acct_aa535f3a1fc8,0,none,-1
acct_e2ea26d957fd,0,none,-1
acct_72bf03516567,0,none,-1
acct_91a02f683262,0,none,-1
acct_45d2fc4fa626,0,none,-1
acct_2b2737cfd391,0,none,-1
acct_02001a8b57a6,0,none,-1
acct_92b5252b0c62,0,none,-1
acct_c77753b6a96d,0,none,-1
acct_8353666dc3c7,0,none,-1
acct_7ac97231ad87,0,none,-1
acct_a94cb84665dc,0,none,-1
acct_73a41ff518e2,0,none,-1
acct_a0f013712bc0,0,none,-1
acct_1f659a4fd8f6,0,none,-1
acct_0104e1fe3a0f,0,none,-1
acct_21d70f6b1a60,0,none,-1
acct_8fa23aa139f5,0,none,-1
acct_12547fa36bb4,0,none,-1
acct_d0979c30c347,0,none,-1
acct_418eb307f48f,0,none,-1
acct_6dee735cb84a,0,none,-1
acct_b1f0ae5c3f7b,0,none,-1
acct_578e54e5abe0,0,none,-1
acct_51e06f9a44db,0,none,-1
acct_6d56df43a709,0,none,-1
acct_eab4346de375,0,none,-1
acct_db771a219882,0,none,-1
acct_38e3d582d5ee,0,none,-1
acct_05f6cb1316f0,0,none,-1
acct_4bbf93db4b8f,0,none,-1
acct_cb034a3ce008,0,none,-1
acct_31721989ee7b,0,none,-1
acct_dc4737f7e293,0,none,-1
acct_37e664165b88,0,none,-1
acct_0b2b56fc6009,0,none,-1
acct_26c67da692ae,0,none,-1
acct_a3d8a60ae6d7,0,none,-1
acct_a5840c9b9136,0,none,-1
acct_d711345b4881,0,none,-1
acct_5a5ee5af4972,0,none,-1
acct_aef9a8e9b6a1,0,none,-1
acct_d8c48d418147,0,none,-1
acct_901c7fa50bde,0,none,-1
acct_23d9516a05b0,0,none,-1
acct_a61df0885745,0,none,-1
acct_66a36ee72655,0,none,-1
acct_80e70d5e1b27,0,none,-1
acct_319f911cbbe4,0,none,-1
acct_85fb2d28cd88,0,none,-1
acct_0fabbd1c412d,0,none,-1
acct_6ac247db5472,0,none,-1
acct_8d241a6ae5bd,0,none,-1
acct_1d718ebf11ed,0,none,-1
acct_7b2f1ddc32dd,0,none,-1
acct_0d2f33b52804,0,none,-1
acct_a13fab0d5c58,0,none,-1
acct_e0f75b48fa53,0,none,-1
acct_ecd6c2ab7cf6,0,none,-1
acct_cf234741beed,0,none,-1
acct_1ab2268da765,0,none,-1
acct_81efc200d0c0,0,none,-1
acct_3804aa72d7bf,0,none,-1
acct_cf1fb4cfd712,0,none,-1
acct_cb36397f312d,0,none,-1
acct_fe3122872b62,0,none,-1
acct_18f95b74a64f,0,none,-1
acct_e69f5df6650a,0,none,-1
acct_1f358d9b50c8,0,none,-1
acct_bac1babd202d,0,none,-1
acct_56e18243508b,0,none,-1
acct_72e732921ba6,0,none,-1
acct_8cc49e2c4446,0,none,-1
acct_3c2a61d6164a,0,none,-1
acct_f5a0989a304f,0,none,-1
acct_85a7f3ec9b5a,0,none,-1
acct_653b4f3fb573,0,none,-1
acct_7bed6e74d71e,0,none,-1
acct_1243831717c4,0,none,-1
acct_f7071e824b7b,0,none,-1
acct_aca1964d78b4,0,none,-1
acct_2b82d4d44aca,0,none,-1
acct_130e4dea9d8f,0,none,-1
acct_7536bb847b60,0,none,-1
acct_d4301d59a0b9,0,none,-1
acct_42f69818f735,0,none,-1
acct_028d3853b124,0,none,-1
acct_8e104f89c7f1,0,none,-1
acct_682cb1e802a8,0,none,-1
acct_9d36b576a5e9,0,none,-1
acct_2466ce437936,0,none,-1
acct_45d7a2ab8aa8,0,none,-1
acct_ff233fa4912b,0,none,-1
acct_f673802501be,0,none,-1
acct_55b2ec4939e8,0,none,-1
acct_b24239465d6b,0,none,-1
acct_ced8053edda9,0,none,-1
acct_79589f7c8bd2,0,none,-1
acct_e3ae11ae9e43,0,none,-1
acct_ffc9f18d05fd,0,none,-1
acct_47a772933d83,0,none,-1
acct_9b754edab2b5,0,none,-1
acct_129daae89e7c,0,none,-1
acct_309d8754d6da,0,none,-1
acct_6130c8a6a83a,0,none,-1
acct_dc1b3d8474bf,0,none,-1
acct_81717bdca958,0,none,-1
acct_9f5c91918eeb,0,none,-1
acct_ee8ea47f5380,0,none,-1
acct_05b54f41e902,0,none,-1
acct_baf1c6b699f5,0,none,-1
acct_03087504d6b8,0,none,-1
acct_0dd85f076a4c,0,none,-1
acct_e0eb4d301a8c,0,none,-1
acct_9f7bb1719291,0,none,-1
acct_32b34c20a532,0,none,-1
acct_1de7cd2a95ee,0,none,-1
acct_d33b3fa1a313,0,none,-1
acct_ad58399ccb86,0,none,-1
acct_c9052de9b0cc,0,none,-1
acct_0aa9704b9657,0,none,-1
acct_a65a960346c8,0,none,-1
acct_19b51605ca7a,0,none,-1
acct_0b5be70de209,0,none,-1
acct_7610b0299b1d,0,none,-1
acct_e8c45e8f9011,0,none,-1
acct_a7a935cb56a4,0,none,-1
acct_89f383928938,0,none,-1
acct_fb84274eaeba,0,none,-1
acct_d06385b7325d,0,none,-1
acct_2d58e19b514a,0,none,-1
acct_623655245241,0,none,-1
acct_dc1af232a4cc,0,none,-1
acct_91bb0fcd59a1,0,none,-1
acct_74463f2b23d0,0,none,-1
acct_55d7016aac77,0,none,-1
acct_19eb7173a628,0,none,-1
acct_4338846a65cd,0,none,-1
acct_32b01cf379b1,0,none,-1
acct_489c7fec28ff,0,none,-1
acct_ce58889c7992,0,none,-1
acct_f3b862235c3b,0,none,-1
acct_e35abc63b60a,0,none,-1
acct_81192645db12,0,none,-1
acct_3dd4a83ad193,0,none,-1
acct_85f7d24cbc91,0,none,-1
acct_07466613043c,0,none,-1
acct_4fa59fbcef30,0,none,-1
acct_eb171b538553,0,none,-1
acct_7a7837f7e703,0,none,-1
acct_ff7338b03765,0,none,-1
acct_604dab0ea259,0,none,-1
acct_f98b5551a52a,0,none,-1
acct_5c58020ca500,0,none,-1
acct_a6c8a16b0ad8,0,none,-1
acct_40e2d4906cae,0,none,-1
acct_fc1b7515a9b5,0,none,-1
acct_daf4ace07a4f,0,none,-1
acct_7fbae9c3baa0,0,none,-1
acct_c114a6040845,0,none,-1
acct_1f572f7a36bc,0,none,-1
acct_edbb823246df,0,none,-1
acct_4e5b2ec3d78f,0,none,-1
acct_bc7aa87ba1ba,0,none,-1
acct_5f383cc7774d,0,none,-1
acct_fa04333d4890,0,none,-1
acct_8c4effddd61b,0,none,-1
acct_3fdb844bedb1,0,none,-1
acct_589852326bfc,0,none,-1
acct_7fa6d960f2a9,0,none,-1
acct_14c410e1a8df,0,none,-1
acct_5f96415c76f7,0,none,-1
acct_64c236c34768,0,none,-1
acct_e03c164180bd,0,none,-1
acct_8966d8fbd8e7,0,none,-1
acct_7068b29f463b,0,none,-1
acct_4caf4efbfcee,0,none,-1
acct_61713eefc44f,0,none,-1
acct_18dcd459b16e,0,none,-1
acct_3bad2d2d27c8,0,none,-1
acct_287befedb1e9,0,none,-1
acct_dfa08a8820ac,0,none,-1
acct_ee960b59506d,0,none,-1
acct_33036e2eee4e,0,none,-1
acct_4c0d11d3a943,0,none,-1
acct_f0e959e6c500,0,none,-1
acct_740aff34ec39,0,none,-1
acct_2452787aa582,0,none,-1
acct_fc4a1e56ef1a,0,none,-1
acct_db8f979ea384,0,none,-1
acct_05f12a078773,0,none,-1
acct_625e7955de11,0,none,-1
acct_0c16ac80a419,0,none,-1
acct_1d2f28abf999,0,none,-1
acct_3db7b8ce0e02,0,none,-1
acct_3848b5efe40f,0,none,-1
acct_d957806f6a37,0,none,-1
acct_2f0c17414817,0,none,-1
acct_25a5768a7af3,0,none,-1
acct_9f1e6f71c288,0,none,-1
acct_8b53e4e762b4,0,none,-1
acct_3e31d7f75d56,0,none,-1
acct_642613ff4103,0,none,-1
acct_9073999650a2,0,none,-1
acct_3d9a27ff491d,0,none,-1
acct_4bd26fa0a23e,0,none,-1
acct_fbb29b34e503,0,none,-1
acct_cf267a8117e7,0,none,-1
acct_5af37171180b,0,none,-1
acct_0555236e265f,0,none,-1
acct_88a836777618,0,none,-1
acct_42b96fcdb64e,0,none,-1
acct_30b238510871,0,none,-1
acct_f6e9ebea9720,0,none,-1
acct_ecb506f80243,0,none,-1
acct_ea55983e4594,0,none,-1
acct_58f249898219,0,none,-1
acct_f9ac2c271da1,0,none,-1
acct_47e888f40a6e,0,none,-1
acct_aac7d71169ba,0,none,-1
acct_e1ee705af70b,0,none,-1
acct_bab0dd865985,0,none,-1
acct_63dda916f6ec,0,none,-1
acct_4234e74c09b3,0,none,-1
acct_23d69aa53141,0,none,-1
acct_e667d36d86bc,0,none,-1
acct_ad68f7e8f22c,0,none,-1
acct_bf4c00871a73,0,none,-1
acct_2b1d713b1f6e,0,none,-1
acct_a618236a4ce0,0,none,-1
acct_f933d64090e2,0,none,-1
acct_567c332bb1fb,0,none,-1
acct_f62c2d72b896,0,none,-1
acct_65f8d981de61,0,none,-1
acct_7ff3d8f0c70f,0,none,-1
acct_6da7410f1430,0,none,-1
acct_ad9abecbccf3,0,none,-1
acct_af6f24f8dd70,0,none,-1
acct_77a95daa2559,0,none,-1
acct_bd4496632647,0,none,-1
acct_4f830ae75284,0,none,-1
acct_85df62182a70,0,none,-1
acct_72e984188311,0,none,-1
acct_f9816198bd57,0,none,-1
acct_6281a0f985bf,0,none,-1
acct_33650c07d7ba,0,none,-1
acct_98567e3ac75c,0,none,-1
acct_5573034ad3b7,0,none,-1
acct_11fe1e52a8c1,0,none,-1
acct_ba016b509d25,0,none,-1
acct_9f960707b017,0,none,-1
acct_e0aad55e13c4,0,none,-1
acct_c6c5f166bf22,0,none,-1
acct_39f222a924b9,0,none,-1
acct_b41aaecabb0f,0,none,-1
acct_91444bc26d52,0,none,-1
acct_1487076d47e8,0,none,-1
acct_c35c6f94d4f9,0,none,-1
acct_f5fffa28d5b7,0,none,-1
acct_3d4abf978147,0,none,-1
acct_55f20ac2e1ad,0,none,-1
acct_23fed52aa082,0,none,-1
acct_4029b82b1964,0,none,-1
acct_4c11d040d971,0,none,-1
acct_4e6e46797fe9,0,none,-1
acct_1722ead67af3,0,none,-1
acct_6e36bc69aa4e,0,none,-1
acct_e20c5750e623,0,none,-1
acct_a2cdee732604,0,none,-1
acct_4ae255455907,0,none,-1
acct_481590612ea3,0,none,-1
acct_044d483f8f59,0,none,-1
acct_6d32feea0273,0,none,-1
acct_166188469744,0,none,-1
acct_df599e2cc7b9,0,none,-1
acct_a89dfdea8c1f,0,none,-1
acct_3871fc52be74,0,none,-1
acct_8d78eb0dad94,0,none,-1
acct_96644e19fed5,0,none,-1
acct_fe9a2a310760,0,none,-1
acct_d5f4d7acec19,0,none,-1
acct_6cef064dabce,0,none,-1
acct_04d549ddeaf9,0,none,-1
acct_00367ea2b6cc,0,none,-1
acct_a78cffe88056,0,none,-1
acct_8ddff6a942a1,0,none,-1
acct_9641186a30c7,0,none,-1
acct_30676ac025f7,0,none,-1
acct_0012308b2fa0,0,none,-1
acct_2c226c5b229e,0,none,-1
acct_96617f75a534,0,none,-1
acct_d1253bfea17f,0,none,-1
acct_1bd948ea5b8e,0,none,-1
acct_fa40b34c8ba4,0,none,-1
acct_08edf8bd64b6,0,none,-1
acct_133a968b53f7,0,none,-1
acct_bbc550a23a7f,0,none,-1
acct_98d2e5146cbf,0,none,-1
acct_c6460dcb2889,0,none,-1
acct_7862420dd3c3,0,none,-1
acct_012356f7c339,0,none,-1
acct_57545d6f1c0d,0,none,-1
acct_ad113b25aafa,0,none,-1
acct_86d0be2275f5,0,none,-1
acct_603f88675ed0,0,none,-1
acct_d797b2a9766e,0,none,-1
acct_91f3b769da96,0,none,-1
acct_e36d8056786c,0,none,-1
acct_266f7711a90f,0,none,-1
acct_d94f9a73aa64,0,none,-1
acct_000729a34c82,0,none,-1
acct_cf1be25389e4,0,none,-1
acct_5f54d823b032,0,none,-1
acct_80debb6a2093,0,none,-1
acct_699064242455,0,none,-1
acct_edf81b63ea68,0,none,-1
acct_dae2735e3d74,0,none,-1
acct_a3a2b718926b,0,none,-1
acct_556f341d62ec,0,none,-1
acct_14403d05dcd9,0,none,-1
acct_9e8f976a65ca,0,none,-1
acct_90ae063f9c1b,0,none,-1
acct_a25f1467c5c4,0,none,-1
acct_2a1c5a808d0d,0,none,-1
acct_adf04c83fcbf,0,none,-1
acct_cbd308796bfb,0,none,-1
acct_fab5c5fa05fc,0,none,-1
acct_31c5a380f6c2,0,none,-1
acct_ef30cd229581,0,none,-1
acct_2b80a9a88c92,0,none,-1
acct_037221bbe78b,0,none,-1
acct_47b73cebdfae,0,none,-1
acct_65e8ebf75989,0,none,-1
acct_daa5cf1c30f9,0,none,-1
acct_f3648980b1db,0,none,-1
acct_3d2a91cd1b88,0,none,-1
acct_581702e0a468,0,none,-1
acct_0a586cf8bbcd,0,none,-1
acct_abb0655b59e4,0,none,-1
acct_fdf9753d7558,0,none,-1
acct_c9eb76df8cc6,0,none,-1
acct_d1699c36590d,0,none,-1
acct_5f6481f0e229,0,none,-1
acct_da159001e27a,0,none,-1
acct_f41a531f08be,0,none,-1
acct_5a4d4c628080,0,none,-1
acct_4ebc4180cf76,0,none,-1
acct_71ad288ec046,0,none,-1
acct_9ad7182a7a84,0,none,-1
acct_2a246f064eae,0,none,-1
acct_ecb2245cd0d7,0,none,-1
acct_57b7f6a2e47c,0,none,-1
acct_11c9d17a9281,0,none,-1
acct_15a4b46b919f,0,none,-1
acct_eb60ac4c2a90,0,none,-1
acct_fe5ce8d1715f,0,none,-1
acct_cf50d2451c81,0,none,-1
acct_624fdef35749,0,none,-1
acct_71a8563d81c1,0,none,-1
acct_8e6b5ca114e4,0,none,-1
acct_0774745e35d3,0,none,-1
acct_0a91a81ba41c,0,none,-1
acct_5a978517fd6a,0,none,-1
acct_76922acc8c72,0,none,-1
acct_ed71a0a35af7,0,none,-1
acct_14b602399159,0,none,-1
acct_b0e1020766a5,0,none,-1
acct_7d6505a10746,0,none,-1
acct_3edc111cbf0b,0,none,-1
acct_3e70504a711a,0,none,-1
acct_5353c3b11c8a,0,none,-1
acct_8aba91590ea6,0,none,-1
acct_a831261b95fe,0,none,-1
acct_ce9eb481a2a9,0,none,-1
acct_096bbdd67551,0,none,-1
acct_cc9d61d0e787,0,none,-1
acct_6778ffd0fb7f,0,none,-1
acct_c04ee3450b90,0,none,-1
acct_bbb1fd4d88ff,0,none,-1
acct_5a62a6fb0221,0,none,-1
acct_efba4eb26e09,0,none,-1
acct_e52771284c2b,0,none,-1
acct_34a073e149cc,0,none,-1
acct_5de2cd846a7d,0,none,-1
acct_f04d23bebdc2,0,none,-1
acct_e2b78e82afb9,0,none,-1
acct_edf697a3f88c,0,none,-1
acct_a08c670eff65,0,none,-1
acct_2cb9d167f88c,0,none,-1
acct_747207126122,0,none,-1
acct_d44817527cbd,0,none,-1
acct_d4933c8143b9,0,none,-1
acct_37b8e17ab14d,0,none,-1
acct_7952ef5e17e5,0,none,-1
acct_639382d1f103,0,none,-1
acct_51697ac24a9c,0,none,-1
acct_a334e3eece87,0,none,-1
acct_e75f07d68348,0,none,-1
acct_db8ee65ad7dc,0,none,-1
acct_d2ffbe12bc0d,0,none,-1
acct_5cb132a7b96e,0,none,-1
acct_241bd48cd629,0,none,-1
acct_c9d84a14abc5,0,none,-1
acct_cad29cfcdf3b,0,none,-1
acct_6d195ffa01f6,0,none,-1
acct_9d67e21487ff,0,none,-1
acct_f5e78910a614,0,none,-1
acct_c4bb16b31bdf,0,none,-1
acct_926d0656576e,0,none,-1
acct_dedfe1725a1b,0,none,-1
acct_8559a4e5dc9f,0,none,-1
acct_fb459ba2d9fe,0,none,-1
acct_91e86038a734,0,none,-1
acct_ce89e5cd3d26,0,none,-1
acct_a4884dcc3c1f,0,none,-1
acct_0a1337e34b11,0,none,-1
acct_db3409b99103,0,none,-1
acct_4e0541355347,0,none,-1
acct_740834f6ebc0,0,none,-1
acct_a6038462b3fb,0,none,-1
acct_104252fa4900,0,none,-1
acct_326a20c396d6,0,none,-1
acct_929beb35ccdb,0,none,-1
acct_3f51f8807d07,0,none,-1
acct_0e6edbd1a0fb,0,none,-1
acct_35ce564056fb,0,none,-1
acct_d1089db0264c,0,none,-1
acct_043410ab224d,0,none,-1
acct_e38720cd3de7,0,none,-1
acct_e04f1f56a6a9,0,none,-1
acct_e95b9bb58589,0,none,-1
acct_92c216292384,0,none,-1
acct_5d2a471f208b,0,none,-1
acct_af7ce649bf88,0,none,-1
acct_95f616bf5e1f,0,none,-1
acct_79f4bd3edaf6,0,none,-1
acct_e7c55a4a7501,0,none,-1
acct_beb5a54a06b8,0,none,-1
acct_9d7909290db4,0,none,-1
acct_8d069a30114c,0,none,-1
acct_dcaddae3a28e,0,none,-1
acct_ff809997d757,0,none,-1
acct_a29d4ff23cc2,0,none,-1
acct_1e81640adf2e,0,none,-1
acct_637943242d33,0,none,-1
acct_3822addcbd45,0,none,-1
acct_c864a8d14477,0,none,-1
acct_a7c4b39c54d3,0,none,-1
acct_29caf69cecc2,0,none,-1
acct_41ff2201cb5c,0,none,-1
acct_aa217d7960f7,0,none,-1
acct_9896cdd0f6b5,0,none,-1
acct_084d277a1f1b,0,none,-1
acct_f564c61808f8,0,none,-1
acct_cb4a3e414a7e,0,none,-1
acct_9ebd2ec0d640,0,none,-1
acct_272b76e2dd20,0,none,-1
acct_4e2df3032df7,0,none,-1
acct_16e7f4cd802f,0,none,-1
acct_1c6bb6e55a2e,0,none,-1
acct_5451f231abba,0,none,-1
acct_d6e77244a791,0,none,-1
acct_6c8c2aefa7b8,0,none,-1
acct_b47430d1b11f,0,none,-1
acct_425ac1276d27,0,none,-1
acct_38555bfbbad7,0,none,-1
acct_fabeef3fa19c,0,none,-1
acct_459e7a3bdbe6,0,none,-1
acct_1a67dc28d905,0,none,-1
acct_6041d7e066cf,0,none,-1
acct_d78feb26105a,0,none,-1
acct_3f22e44faab7,0,none,-1
acct_f2b68c6704ea,0,none,-1
acct_74fad2bcf950,0,none,-1
acct_0b27eda55f1b,0,none,-1
acct_3ec054ef26cd,0,none,-1
acct_03bf76b60ac5,0,none,-1
acct_3ff2f29df6bc,0,none,-1
acct_fec8c8b4af99,0,none,-1
acct_ded24136ecbc,0,none,-1
acct_e74774ad74a6,0,none,-1
acct_149e03cbccef,0,none,-1
acct_ff7363af6c4e,0,none,-1
acct_81da0a746668,0,none,-1
acct_6ab7b2414bbf,0,none,-1
acct_bc1772119a95,0,none,-1
acct_a1aef8e220a0,0,none,-1
acct_1ea5ea0bcaa9,0,none,-1
acct_9068316a3328,0,none,-1
acct_26f1625eaf93,0,none,-1
acct_0c871cd2e56b,0,none,-1
acct_34b8b91aaaad,0,none,-1
acct_8b8237df4f85,0,none,-1
acct_f28a165f9c91,0,none,-1
acct_75fc13fc9eeb,0,none,-1
acct_3e0833f7f327,0,none,-1
acct_903215b66dc7,0,none,-1
acct_321cbcfc438a,0,none,-1
acct_fd7b8283dd5b,0,none,-1
acct_4b368ef264cd,0,none,-1
acct_c5951a35d31c,0,none,-1
acct_f7751fab87ec,0,none,-1
acct_8134041de2ac,0,none,-1
acct_baa5ab78ae1e,0,none,-1
acct_ebe52a46387a,0,none,-1
acct_66122a9049bc,0,none,-1
acct_9b22e7955902,0,none,-1
acct_5285d56881c5,0,none,-1
acct_ac60f7eb2d0b,0,none,-1
acct_ad561298261b,0,none,-1
acct_89da58b6c751,0,none,-1
acct_4be44e52fab4,0,none,-1
acct_d7df62ffc8c5,0,none,-1
acct_f1c8a06fc20d,0,none,-1
acct_27eade695017,0,none,-1
acct_8e7f934e9a05,0,none,-1
acct_c05e03c6bf33,0,none,-1
acct_a9f6e19004e2,0,none,-1
acct_20a50b394708,0,none,-1
acct_736c0c0aba25,0,none,-1
acct_dc34eb4103e8,0,none,-1
acct_038a6c2791db,0,none,-1
acct_1e7f41278a5b,0,none,-1
acct_37564349a505,0,none,-1
acct_13e8a52dc070,0,none,-1
acct_51f2ef1a26a5,0,none,-1
acct_87d341f2142a,0,none,-1
acct_d1c3241525e4,0,none,-1
acct_601b946a0d20,0,none,-1
acct_5e7542572542,0,none,-1
acct_93e1f118f8ba,0,none,-1
acct_cf21ea31e948,0,none,-1
acct_cefa8062d4a6,0,none,-1
acct_b41c76c22f90,0,none,-1
acct_7f85c8e0dc45,0,none,-1
acct_3cb274585f45,0,none,-1
acct_2b3b8dffc4b4,0,none,-1
acct_00348aba8e84,0,none,-1
acct_5d455e1780a6,0,none,-1
acct_a32ccfcf9cc2,0,none,-1
acct_955fd7b1e62f,0,none,-1
acct_794731060181,0,none,-1
acct_89aeab4e5a30,0,none,-1
acct_4bd173ed7b5d,0,none,-1
acct_76528837fd08,0,none,-1
acct_9e4e70a609d9,0,none,-1
acct_318b14b9d62c,0,none,-1
acct_c27dc8487d09,0,none,-1
acct_aa13b07748c6,0,none,-1
acct_211833999c51,0,none,-1
acct_80736ba054a5,0,none,-1
acct_ac85ccca1fcd,0,none,-1
acct_c445451af53e,0,none,-1
acct_16c0a4f7199a,0,none,-1
acct_00632f615616,0,none,-1
acct_512c20aaa748,0,none,-1
acct_d809a45bec7f,0,none,-1
acct_70ba4d8493df,0,none,-1
acct_531a7f198c24,0,none,-1
acct_4ef7aaf47306,0,none,-1
acct_79d9aee4b243,0,none,-1
acct_aa808bab036f,0,none,-1
acct_e9b5f2f8df71,0,none,-1
acct_8c3702238aed,0,none,-1
acct_c5c705ab39da,0,none,-1
acct_6c3eae6eeb81,0,none,-1
acct_8ecf44db1983,0,none,-1
acct_c1f078e1bbc5,0,none,-1
acct_0733afc3c4dd,0,none,-1
acct_2d50ce65f34e,0,none,-1
acct_af2ca28fe877,0,none,-1
acct_e4af2a9b6873,0,none,-1
acct_764be6d1af68,0,none,-1
acct_247e20d25670,0,none,-1
acct_9e92172d37a6,0,none,-1
acct_0a15b1cbbe9a,0,none,-1
acct_2969813bb496,0,none,-1
acct_19ea0293f16f,0,none,-1
acct_0b3f130fec1d,0,none,-1
acct_e05702c92e43,0,none,-1
acct_412a0b996080,0,none,-1
acct_918798725c9f,0,none,-1
acct_aacb830105aa,0,none,-1
acct_00b61be5d88c,0,none,-1
acct_c82f38384840,0,none,-1
acct_610487c30cdc,0,none,-1
acct_6977afb72485,0,none,-1
acct_ca02bdf32c3b,0,none,-1
acct_40068af8ff7a,0,none,-1
acct_2e0f3a449468,0,none,-1
acct_03bdf41cd7e9,0,none,-1
acct_f0ef254f626c,0,none,-1
acct_91108ec8eb13,0,none,-1
acct_8c48d2c09577,0,none,-1
acct_2c8ec7f7c81d,0,none,-1
acct_d528d309f508,0,none,-1
acct_6902ac11f2b3,0,none,-1
acct_fffe1e857304,0,none,-1
acct_b9702f162c69,0,none,-1
acct_177277d52c22,0,none,-1
acct_5fd889f9f222,0,none,-1
acct_bfe82b08d817,0,none,-1
acct_47f90541471e,0,none,-1
acct_06564b95fda7,0,none,-1
acct_a58aff084864,0,none,-1
acct_b00a8701dad0,0,none,-1
acct_4b31603a3f68,0,none,-1
acct_a877e306fa23,0,none,-1
acct_1d909cd6c729,0,none,-1
acct_eaff527ed38d,0,none,-1
acct_7697710fb0c4,0,none,-1
acct_cf0846d5d0ff,0,none,-1
acct_ff5daf26e1a7,0,none,-1
acct_50d3aa6789a8,0,none,-1
acct_dca1697ef30c,0,none,-1
acct_121a0e36bf57,0,none,-1
acct_ccb7e9d286d8,0,none,-1
acct_0513117cdfac,0,none,-1
acct_108a3380824b,0,none,-1
acct_a10c084036ec,0,none,-1
acct_0e585f8df88a,0,none,-1
acct_d29279730b42,0,none,-1
acct_1014ee661ef7,0,none,-1
acct_ccdca8b3838f,0,none,-1
acct_c4d55e2b0837,0,none,-1
acct_c1c284ccdbf3,0,none,-1
acct_7883fbb09876,0,none,-1
acct_7bbd247d2d26,0,none,-1
acct_646e03fca6a2,0,none,-1
acct_920bf5c29724,0,none,-1
acct_174bde81f0fc,0,none,-1
acct_28ef27c73d6c,0,none,-1
acct_608eddfd2b19,0,none,-1
acct_24444f473410,0,none,-1
acct_0bd775ed898d,0,none,-1
acct_7006987c3932,0,none,-1
acct_2898bc8ad387,0,none,-1
acct_c7e5d2b75260,0,none,-1
acct_80a9f2f71de4,0,none,-1
acct_0355698fda53,0,none,-1
acct_7c7afa5d05ba,0,none,-1
acct_137b263e9ace,0,none,-1
acct_ca2c621ad8ca,0,none,-1
acct_ca10df5d8763,0,none,-1
acct_427acd34f098,0,none,-1
acct_d2df6d906b28,0,none,-1
acct_c1028dac87cb,0,none,-1
acct_8c163ee5054d,0,none,-1
acct_a6c1f5fd3e57,0,none,-1
acct_774eb359a6ef,0,none,-1
acct_e5ffde7b8f7e,0,none,-1
acct_06bdff377e2d,0,none,-1
acct_25f3ab931adf,0,none,-1
acct_ee28146b19bc,0,none,-1
acct_e5cd0d49c27e,0,none,-1
acct_7965338fbc11,0,none,-1
acct_f8986952cbf4,0,none,-1
acct_6aa4ae2a43aa,0,none,-1
acct_1f8791240c7b,0,none,-1
acct_18f92f0e58c6,0,none,-1
acct_3188b9232add,0,none,-1
acct_16f9b2bf2005,0,none,-1
acct_cd7dde00f343,0,none,-1
acct_9d6379bbbd9c,0,none,-1
acct_ac61c3f3573e,0,none,-1
acct_cc30bf729c1b,0,none,-1
acct_861bdb4437a4,0,none,-1
acct_50824a9a5ca4,0,none,-1
acct_908471a15770,0,none,-1
acct_58a1a57c74c2,0,none,-1
acct_339e61591cdb,0,none,-1
acct_f40c2c7e79ee,0,none,-1
acct_efc29fa2664f,0,none,-1
acct_49236a5b719f,0,none,-1
acct_9436c0954767,0,none,-1
acct_86dfa39ca748,0,none,-1
acct_5478f787d85e,0,none,-1
acct_a8420b3c3985,0,none,-1
acct_2e58ea243417,0,none,-1
acct_6959c35fbde4,0,none,-1
acct_ba05cfde392e,0,none,-1
acct_a2f28e3afdff,0,none,-1
acct_43b44ea91168,0,none,-1
acct_36157b345b07,0,none,-1
acct_e75a57acdc9e,0,none,-1
acct_7073454c1f67,0,none,-1
acct_54d47664f590,0,none,-1
acct_c117f048422d,0,none,-1
acct_1669728dd7d8,0,none,-1
acct_a2a267384f09,0,none,-1
acct_f799e958c9cf,0,none,-1
acct_54e9c4f20922,0,none,-1
acct_97008b4c6a1e,0,none,-1
acct_b11827d9cf47,0,none,-1
acct_5dc907245c3e,0,none,-1
acct_45b48b5814a4,0,none,-1
acct_c5fc2a3ae986,0,none,-1
acct_8183001e0a77,0,none,-1
acct_47f980bda2c3,0,none,-1
acct_86c5ad77a91d,0,none,-1
acct_4a3588ee6084,0,none,-1
acct_d4ce4b1afc6d,0,none,-1
acct_0d05932bc99b,0,none,-1
acct_fb7cc1bf24cf,0,none,-1
acct_e7976e93ce68,0,none,-1
acct_04f66173ff6b,0,none,-1
acct_2843e1acb152,0,none,-1
acct_bd3795927241,0,none,-1
acct_35dc4ec5dce5,0,none,-1
acct_9badc55b478d,0,none,-1
acct_285c02fcf0f2,0,none,-1
acct_f628fe8b9317,0,none,-1
acct_8e3e05cdf7c1,0,none,-1
acct_18bca1e569f7,0,none,-1
acct_67003dd678ff,0,none,-1
acct_09308c0dbe45,0,none,-1
acct_ce542261705a,0,none,-1
acct_0d5f7268a47c,0,none,-1
acct_e2bf2d9ea983,0,none,-1
acct_4e9d51ea9b1c,0,none,-1
acct_51f00d4880b8,0,none,-1
acct_3b486fe62552,0,none,-1
acct_cc306b62009e,0,none,-1
acct_104bcee344b1,0,none,-1
acct_13d13e26dc95,0,none,-1
acct_e98bb1923bb7,0,none,-1
acct_4b6d1d1b40c3,0,none,-1
acct_565ef8bec790,0,none,-1
acct_d1c00b738b40,0,none,-1
acct_1f769a809540,0,none,-1
acct_d4fbdacdf2f6,0,none,-1
acct_b883f7c9a2f6,0,none,-1
acct_c53cf065ff37,0,none,-1
acct_c9b0cf6c9c1e,0,none,-1
acct_dcaa9c7c9c85,0,none,-1
acct_dc352177d87c,0,none,-1
acct_20659314b04f,0,none,-1
acct_c230cdeef205,0,none,-1
acct_4c9407de5836,0,none,-1
acct_4ca81100a0c9,0,none,-1
acct_b01d3ab5634a,0,none,-1
acct_d28c0dfda3dc,0,none,-1
acct_b4f45b194b87,0,none,-1
acct_91d91640346b,0,none,-1
acct_ed0b7d8149b9,0,none,-1
acct_dd9bfde0b91e,0,none,-1
acct_70bb42be0a76,0,none,-1
acct_c0aab194ee7f,0,none,-1
acct_11e26679190d,0,none,-1
acct_ccdb8c7b543a,0,none,-1
acct_d90323acb62d,0,none,-1
acct_fd6496c9a8fb,0,none,-1
acct_6b918863329b,0,none,-1
acct_655aea0c2e5e,0,none,-1
acct_2b53e5d78f0f,0,none,-1
acct_d1795ac843f8,0,none,-1
acct_5d69a799d027,0,none,-1
acct_5775e274631f,0,none,-1
acct_5d2490de5988,0,none,-1
acct_e504750a2a1e,0,none,-1
acct_ff69b05aa3d2,0,none,-1
acct_6393b6a58c5a,0,none,-1
acct_3865724ed32f,0,none,-1
acct_7bc56ac8189f,0,none,-1
acct_c7e6a9e9f4a6,0,none,-1
acct_3155a5d33f3c,0,none,-1
acct_c1d461117229,0,none,-1
acct_d6a6b7321258,0,none,-1
acct_76d0609bda54,0,none,-1
acct_1577cac147f1,0,none,-1
acct_e6e378e02910,0,none,-1
acct_eced23ffb873,0,none,-1
acct_93d88ab04632,0,none,-1
acct_841a1be08859,0,none,-1
acct_b0338b812e39,0,none,-1
acct_9fc76689a2f2,0,none,-1
acct_13b966b6f02a,0,none,-1
acct_a571caf65b0e,0,none,-1
acct_7e92b5ff8c21,0,none,-1
acct_ff7eabff37ba,0,none,-1
acct_9652a0330bdc,0,none,-1
acct_aff756ff7578,0,none,-1
acct_cb5ce0982fb2,0,none,-1
acct_f7287859200e,0,none,-1
acct_6fe460fc7395,0,none,-1
acct_cdaa7e7fbd52,0,none,-1
acct_0712e7aea0e5,0,none,-1
acct_e0ff584e4b4d,0,none,-1
acct_798ef1b24c25,0,none,-1
acct_a0fe276a2668,0,none,-1
acct_da36735afff5,0,none,-1
acct_13df8175ae24,0,none,-1
acct_c71415578493,0,none,-1
acct_6264f626aa61,0,none,-1
acct_5433c7344e7a,0,none,-1
acct_bc4c422f8e3a,0,none,-1
acct_0c10ad0eebd4,0,none,-1
acct_d4169ff8fa08,0,none,-1
acct_61c6ae37505f,0,none,-1
acct_9e054ab6aaa1,0,none,-1
acct_c4918c9bf799,0,none,-1
acct_916dfa60135a,0,none,-1
acct_f455e91c62f4,0,none,-1
acct_26fca7a70c0a,0,none,-1
acct_6e5f16bf35a7,0,none,-1
acct_e7b195329fe7,0,none,-1
acct_d81f962af563,0,none,-1
acct_70eda5a4d145,0,none,-1
acct_9f4ca9b82513,0,none,-1
acct_c7d862c4eecb,0,none,-1
acct_48b1f463607f,0,none,-1
acct_6db58e4578b6,0,none,-1
acct_3acb7138de28,0,none,-1
acct_a65a6444f3a7,0,none,-1
acct_c7351d18c8f8,0,none,-1
acct_8ea8570ea7ee,0,none,-1
acct_4636eb626537,0,none,-1
acct_75ebeaebfd51,0,none,-1
acct_dd5dfd3837a6,0,none,-1
acct_366b4f0fb9f9,0,none,-1
acct_e2376047ec9f,0,none,-1
acct_bdb61cbe25dc,0,none,-1
acct_dc2154f38993,0,none,-1
acct_69a79e9ea367,0,none,-1
acct_3d08c8eab742,0,none,-1
acct_6e6920a902fc,0,none,-1
acct_c8739348d434,0,none,-1
acct_75f8dfe23663,0,none,-1
acct_46256de3cf89,0,none,-1
acct_a8cd5275ccec,0,none,-1
acct_c9453af8f11c,0,none,-1
acct_4c1a52fd82ef,0,none,-1
acct_69a6cfc2be38,0,none,-1
acct_536ab81fd6d7,0,none,-1
acct_9a24952370af,0,none,-1
acct_13e6e2505dca,0,none,-1
acct_b95684de2746,0,none,-1
acct_34f6397de089,0,none,-1
acct_e0dc78d9d077,0,none,-1
acct_fc93081e6570,0,none,-1
acct_093e5aa6882a,0,none,-1
acct_069247359c4e,0,none,-1
acct_e550d0db5969,0,none,-1
acct_6dfcd8f9e412,0,none,-1
acct_f7295fa61085,0,none,-1
acct_03dade6d6713,0,none,-1
acct_0fe754c42429,0,none,-1
acct_b0acd08b05f3,0,none,-1
acct_1570c066afca,0,none,-1
acct_cf170afa7f23,0,none,-1
acct_e4efa6f2dd1a,0,none,-1
acct_a13d6efd4a27,0,none,-1
acct_90e3071c9a0d,0,none,-1
acct_13cd76ad4f99,0,none,-1
acct_0c74a52c883e,0,none,-1
acct_37a715e1c645,0,none,-1
acct_05a5351cc980,0,none,-1
acct_f0a8a134551f,0,none,-1
acct_e26e22ee265e,0,none,-1
acct_33e48f189160,0,none,-1
acct_faa570eab0e9,0,none,-1
acct_b769e77efe8a,0,none,-1
acct_d1f651cd3113,0,none,-1
acct_88b9f0746a4f,0,none,-1
acct_068191feeae3,0,none,-1
acct_3c1e4d0d79d3,0,none,-1
acct_e62f57ffb6bd,0,none,-1
acct_6258a0f56a10,0,none,-1
acct_87215d1bb31a,0,none,-1
acct_81a2e471b425,0,none,-1
acct_a30524a8c1ff,0,none,-1
acct_c40d0bf1446f,0,none,-1
acct_c75868b17a11,0,none,-1
acct_aa30da1dcb71,0,none,-1
acct_c14f3de3d022,0,none,-1
acct_173de7a2d1d2,0,none,-1
acct_adad186cb165,0,none,-1
acct_ad27579d3924,0,none,-1
acct_07de3f26d35a,0,none,-1
acct_4c414692ceda,0,none,-1
acct_6aa25187c86c,0,none,-1
acct_d4fef5501e14,0,none,-1
acct_354ab3719288,0,none,-1
acct_6ab261943c31,0,none,-1
acct_8dec48b91fde,0,none,-1
acct_598de3ab4ad9,0,none,-1
acct_dc34c7d8840a,0,none,-1
acct_84362a99f5fb,0,none,-1
acct_5fabfe7d62c6,0,none,-1
acct_1ae10d07647b,0,none,-1
acct_7a09f457c69f,0,none,-1
acct_13887f2cec42,0,none,-1
acct_b476710c2f2c,0,none,-1
acct_ddfe68327312,0,none,-1
acct_a66ed9908590,0,none,-1
acct_edcf9bc7bb93,0,none,-1
acct_7c464556ff28,0,none,-1
acct_041a623506b7,0,none,-1
acct_93d09319f425,0,none,-1
acct_d82c7ba4b185,0,none,-1
acct_b58d6b8cd9e7,0,none,-1
acct_007d7a91a837,0,none,-1
acct_9bc6e38e4bbc,0,none,-1
acct_c1fb503fece4,0,none,-1
acct_cc971c605781,0,none,-1
acct_1d14bb8c7c9d,0,none,-1
acct_3c53c881855d,0,none,-1
acct_9ef786c63fdd,0,none,-1
acct_0cb2af3d41e9,0,none,-1
acct_b8bc421db4e5,0,none,-1
acct_42d141c76e96,0,none,-1
acct_da2f8f10672f,0,none,-1
acct_a47a1707febc,0,none,-1
acct_ffbfe8f54ade,0,none,-1
acct_ceddd10b9f10,0,none,-1
acct_93f5bf53550f,0,none,-1
acct_6445e68cc3c1,0,none,-1
acct_921eb781546f,0,none,-1
acct_270ddba4e845,0,none,-1
acct_b7acb96598d0,0,none,-1
acct_f4a6deb46c84,0,none,-1
acct_f0167cbc1454,0,none,-1
acct_ed24d5121b67,0,none,-1
acct_ca8e22d8fe30,0,none,-1
acct_1a89a3f4d4a5,0,none,-1
acct_540ed269c758,0,none,-1
acct_441e4a94b705,0,none,-1
acct_aa9830c76981,0,none,-1
acct_1adbbf42c419,0,none,-1
acct_ac7ea31d63a0,0,none,-1
acct_e493cd027109,0,none,-1
acct_7e4d5ca950fb,0,none,-1
acct_9d58b5201b60,0,none,-1
acct_b5631093d860,0,none,-1
acct_22b2512451fe,0,none,-1
acct_e4636e6f3ec4,0,none,-1
acct_3020dd729124,0,none,-1
acct_fdaff3a41463,0,none,-1
acct_725d96ee9d0e,0,none,-1
acct_2c3adfd4b55c,0,none,-1
acct_b0171aca129d,0,none,-1
acct_acc30344550a,0,none,-1
acct_e0a9d4d886c3,0,none,-1
acct_ef0cda48c34a,0,none,-1
acct_9ac321ae51b2,0,none,-1
acct_7755d6a02cfd,0,none,-1
acct_483318055fc7,0,none,-1
acct_502e08a0bd0a,0,none,-1
acct_f349ece7c314,0,none,-1
acct_e17f8f367781,0,none,-1
acct_c379db945513,0,none,-1
acct_64a8f23ea358,0,none,-1
acct_42a80c551a81,0,none,-1
acct_7c22ad2a3846,0,none,-1
acct_61a8a76cf2b2,0,none,-1
acct_0ec99cbeb9b4,0,none,-1
acct_c5c1e17cf28c,0,none,-1
acct_589a8b39bca3,0,none,-1
acct_739a23ef7c29,0,none,-1
acct_a39d7ccc4cf9,0,none,-1
acct_73b98782791d,0,none,-1
acct_04e3c5145301,0,none,-1
acct_7c1800c470f6,0,none,-1
acct_7fc7fcf96094,0,none,-1
acct_f58a9fd43ce8,0,none,-1
acct_036ca33eb919,0,none,-1
acct_1a7a0ec3206c,0,none,-1
acct_f9025cd478c6,0,none,-1
acct_3fd9c6b195a5,0,none,-1
acct_6b9296ee2f8f,0,none,-1
acct_b7947ea16268,0,none,-1
acct_1f181c16a012,0,none,-1
acct_5cac92b35c07,0,none,-1
acct_6fd8a7790753,0,none,-1
acct_f006f54a27bb,0,none,-1
acct_aa1923ac6f61,0,none,-1
acct_d6988c9f58c9,0,none,-1
acct_bb2e5b22e1af,0,none,-1
acct_9415bd65f227,0,none,-1
acct_e288d639c057,0,none,-1
acct_f86e43ba5755,0,none,-1
acct_2006f902c479,0,none,-1
acct_d0df8c3a1fcc,0,none,-1
acct_320a96d79eb6,0,none,-1
acct_94a7ecab8257,0,none,-1
acct_b17a8f127cee,0,none,-1
acct_a08972cab132,0,none,-1
acct_882db6738fa0,0,none,-1
acct_cd33f1ccc229,0,none,-1
acct_1692e5a831bf,0,none,-1
acct_d3f197fbf30a,0,none,-1
acct_746ebe4c91e9,0,none,-1
acct_e1b672bf1c5c,0,none,-1
acct_069abb34d84b,0,none,-1
acct_2a6e007fac52,0,none,-1
acct_931cb72963ae,0,none,-1
acct_d3c9d5e73661,0,none,-1
acct_48a5b99c298c,0,none,-1
acct_643f1fbc4dae,0,none,-1
acct_c03dde310bb1,0,none,-1
acct_4e0744feef2f,0,none,-1
acct_359591892db7,0,none,-1
acct_bf71a9577547,0,none,-1
acct_cdbec5a7cb7d,0,none,-1
acct_878f1da693e6,0,none,-1
acct_d5f2ad64fac9,0,none,-1
acct_ce1d7af3b6a5,0,none,-1
acct_12ae6770cb94,0,none,-1
acct_8a7fa413dd38,0,none,-1
acct_7ab6cfa92fe2,0,none,-1
acct_6cfe58d0fdbc,0,none,-1
acct_077cd204ef3c,0,none,-1
acct_53fad970f4c7,0,none,-1
acct_29a3ba1fcc63,0,none,-1
acct_9e09a1981608,0,none,-1
acct_36829a164406,0,none,-1
acct_12a3084daa09,0,none,-1
acct_c7a20c982d6b,0,none,-1
acct_23681e9b0fc6,0,none,-1
acct_8183c5170b34,0,none,-1
acct_3b01dcf2c022,0,none,-1
acct_693d6de72c48,0,none,-1
acct_ef2f301a7da2,0,none,-1
acct_3d34482f49e8,0,none,-1
acct_d3ecc5a61b20,0,none,-1
acct_8b8d22792447,0,none,-1
acct_e35dd1a98c64,0,none,-1
acct_5dc2f809db8a,0,none,-1
acct_37ffe396e142,0,none,-1
acct_d0fb55dc7237,0,none,-1
acct_885a00f3972f,0,none,-1
acct_a05aca1a68fe,0,none,-1
acct_629d7437328d,0,none,-1
acct_395c846c45bd,0,none,-1
acct_1c77dbdba8a9,0,none,-1
acct_e6d71f838b9b,0,none,-1
acct_e43f1bbaf882,0,none,-1
acct_e3ec7e0ed68a,0,none,-1
acct_20ffc7f5622e,0,none,-1
acct_531bbd083f77,0,none,-1
acct_47fd05d87086,0,none,-1
acct_075aef11f6b1,0,none,-1
acct_8fc32d1ec831,0,none,-1
acct_4984f6123299,0,none,-1
acct_a58498d3602e,0,none,-1
acct_ea6d8fddf70b,0,none,-1
acct_b43671cd5cd1,0,none,-1
acct_2c43e07733ff,0,none,-1
acct_189eb9fe5f93,0,none,-1
acct_b29f6fc2144d,0,none,-1
acct_560daca88824,0,none,-1
acct_0ac06edc37aa,0,none,-1
acct_48e8d4d03fda,0,none,-1
acct_4995a27120ed,0,none,-1
acct_68cd94c91370,0,none,-1
acct_33668249feab,0,none,-1
acct_702b413cc3e4,0,none,-1
acct_4627772cf9de,0,none,-1
acct_74c21f7236c8,0,none,-1
acct_b7e6da2a4ef6,0,none,-1
acct_ca6a92bd82dc,0,none,-1
acct_0ea9b00a28db,0,none,-1
acct_a8a7f72f15cb,0,none,-1
acct_428b2cecadd9,0,none,-1
acct_89df2aff3dd2,0,none,-1
acct_774d4f090d0d,0,none,-1
acct_552d2f182ba1,0,none,-1
acct_2280f40a2a61,0,none,-1
acct_4f85d1eeec37,0,none,-1
acct_3f1f98bbc894,0,none,-1
acct_3c45892670ed,0,none,-1
acct_f1d00f550e68,0,none,-1
acct_dbe6fcf3b716,0,none,-1
acct_df6f81c06ebd,0,none,-1
acct_88334fd57324,0,none,-1
acct_6da27f9ebf32,0,none,-1
acct_2a69679afe68,0,none,-1
acct_d4c53a947436,0,none,-1
acct_80ed98243fb5,0,none,-1
acct_c61f5e81c25f,0,none,-1
acct_1cca4d6f015b,0,none,-1
acct_6537f500f75d,0,none,-1
acct_a36d5572ab10,0,none,-1
acct_6a70885fb2e1,0,none,-1
acct_fe4c36d97c3d,0,none,-1
acct_e7c6fc9318dc,0,none,-1
acct_0d0c8d735c85,0,none,-1
acct_5bdb2169298d,0,none,-1
acct_8ddf606508a1,0,none,-1
acct_43c24320eb93,0,none,-1
acct_e6bdd7ea725a,0,none,-1
acct_1be81de22a69,0,none,-1
acct_b0e39d5027d1,0,none,-1
acct_e353b17a26f4,0,none,-1
acct_f779a714bd74,0,none,-1
acct_a33424d77d03,0,none,-1
acct_4fb0bc26a57a,0,none,-1
acct_501692cc7bd4,0,none,-1
acct_d1769189db62,0,none,-1
acct_7bac2f15a33d,0,none,-1
acct_943fda866b9e,0,none,-1
acct_91d53467f2e9,0,none,-1
acct_639c36febf48,0,none,-1
acct_9bc035d3e845,0,none,-1
acct_67fe22a5047f,0,none,-1
acct_766579820289,0,none,-1
acct_499892f81db4,0,none,-1
acct_74b4b662b641,0,none,-1
acct_331e8a6d7b31,0,none,-1
acct_e9e632a3b749,0,none,-1
acct_9554f53021cd,0,none,-1
acct_effb06405141,0,none,-1
acct_c54d24bad99c,0,none,-1
acct_50714b833e69,0,none,-1
acct_866f8484f9fa,0,none,-1
acct_65febde3e9d2,0,none,-1
acct_0b977fc686d0,0,none,-1
acct_7418cc53bf6c,0,none,-1
acct_675d20ca4a8a,0,none,-1
acct_0195a8113112,0,none,-1
acct_8d7a67429f90,0,none,-1
acct_cecae780aeb6,0,none,-1
acct_c1c27af35ece,0,none,-1
acct_523e9bc2c0ef,0,none,-1
acct_2e09345a7461,0,none,-1
acct_bb5804a21124,0,none,-1
acct_ffba362e0c53,0,none,-1
acct_14a507a318e0,0,none,-1
acct_52026ec304aa,0,none,-1
acct_8ca550ae36c8,0,none,-1
acct_b03ae754d19e,0,none,-1
acct_c51e06cc40e4,0,none,-1
acct_243f6b6c76a9,0,none,-1
acct_0a347826955f,0,none,-1
acct_2b1c712de6f6,0,none,-1
acct_76492facc170,0,none,-1
acct_90ec6ba8efb1,0,none,-1
acct_a262d3e2bad5,0,none,-1
acct_72b0f18fe2cb,0,none,-1
acct_6961870bc7ab,0,none,-1
acct_9fa023713ff3,0,none,-1
acct_a48607db5e55,0,none,-1
acct_7dab7a02367a,0,none,-1
acct_d8656a9f0c3f,0,none,-1
acct_2a51e4744182,0,none,-1
acct_23f112ae2f58,0,none,-1
acct_1c7c517d480d,0,none,-1
acct_84407d5ebef7,0,none,-1
acct_0b17ce4931a6,0,none,-1
acct_2386042fd2c9,0,none,-1
acct_74048e100a73,0,none,-1
acct_c7c8dd88df55,0,none,-1
acct_4736d6920ab0,0,none,-1
acct_e8b7ce60aad4,0,none,-1
acct_2413201feb8d,0,none,-1
acct_975d91f4b9ea,0,none,-1
acct_996e19ab958b,0,none,-1
acct_bbe5fb3d4cea,0,none,-1
acct_95b00d71c25f,0,none,-1
acct_7e284912f5a6,0,none,-1
acct_c12732e1da4e,0,none,-1
acct_6451f74621ea,0,none,-1
acct_1bb51c0c512c,0,none,-1
acct_c66ff3801f1b,0,none,-1
acct_74b712a0500b,0,none,-1
acct_ed831236c226,0,none,-1
acct_86d5f9ab855d,0,none,-1
acct_40144bdabe7b,0,none,-1
acct_70082e15c936,0,none,-1
acct_d0d39e935329,0,none,-1
acct_9bb4de62c54f,0,none,-1
acct_c31971bd55ab,0,none,-1
acct_73814bea38ed,0,none,-1
acct_22677c9651c9,0,none,-1
acct_942e3638f521,0,none,-1
acct_80ee2adb1ea4,0,none,-1
acct_bba76c9ae000,0,none,-1
acct_45e30a820d38,0,none,-1
acct_a833e2331ecd,0,none,-1
acct_6e79e69b9e96,0,none,-1
acct_e2c306c2a570,0,none,-1
acct_c81aa72ddb61,0,none,-1
acct_3459232382b0,0,none,-1
acct_28b692fba55c,0,none,-1
acct_4d2e0b070feb,0,none,-1
acct_47bbf9fdecbe,0,none,-1
acct_3f431141b61a,0,none,-1
acct_84c222cdd4d3,0,none,-1
acct_cebe9ca26560,0,none,-1
acct_63ea44a86c34,0,none,-1
acct_bd1ccb0109d8,0,none,-1
acct_7cd5d7adbfbe,0,none,-1
acct_5a8617751326,0,none,-1
acct_966a03ccb476,0,none,-1
acct_afa4a2575c83,0,none,-1
acct_6d6388b7e946,0,none,-1
acct_6d2969212fb8,0,none,-1
acct_aa6b076b1847,0,none,-1
acct_f4b2f945cb97,0,none,-1
acct_6b5d308e5ca9,0,none,-1
acct_840fb2377112,0,none,-1
acct_08f54a4f0db9,0,none,-1
acct_98c8a1b0a096,0,none,-1
acct_c65bf9083469,0,none,-1
acct_faa376f02598,0,none,-1
acct_de46c78b571e,0,none,-1
acct_540b0a614693,0,none,-1
acct_1168ce630569,0,none,-1
acct_f01ba338be43,0,none,-1
acct_0ea8a2c4f528,0,none,-1
acct_0ec29b373e5e,0,none,-1
acct_a61ef785652c,0,none,-1
acct_7e1273317205,0,none,-1
acct_021390a97cb3,0,none,-1
acct_842f59aa88c0,0,none,-1
acct_cdbde7e8bd73,0,none,-1
acct_48147266caf7,0,none,-1
acct_cd0045a53bff,0,none,-1
acct_672bc337e459,0,none,-1
acct_ce079616b663,0,none,-1
acct_cde2db97277e,0,none,-1
acct_6d5d013842e5,0,none,-1
acct_9975de41d88b,0,none,-1
acct_77fa3b18cdfc,0,none,-1
acct_a40868d55340,0,none,-1
acct_66a3ee209cb0,0,none,-1
acct_fb8e75052609,0,none,-1
acct_e9c5c8fc5ef2,0,none,-1
acct_88ff8d14c936,0,none,-1
acct_5bdcba753acf,0,none,-1
acct_d21f3a62659d,0,none,-1
acct_bd04624d3a43,0,none,-1
acct_144883ed5569,0,none,-1
acct_ebf0825e0a4e,0,none,-1
acct_c670e33f18b1,0,none,-1
acct_6a34acd52e80,0,none,-1
acct_d463fa826ff1,0,none,-1
acct_a5341581d666,0,none,-1
acct_7b0bd6931ce6,0,none,-1
acct_11cea4b7cc0b,0,none,-1
acct_07f5f65fb40c,0,none,-1
acct_708aab6686aa,0,none,-1
acct_5ba95fd84b3c,0,none,-1
acct_216e6274c1c9,0,none,-1
acct_d446760fffdb,0,none,-1
acct_ec222e6cab2c,0,none,-1
acct_6e1e821f307f,0,none,-1
acct_00ec345e5989,0,none,-1
acct_24d8580595c9,0,none,-1
acct_ac2a2632df34,0,none,-1
acct_2ca5a39a1067,0,none,-1
acct_167d6d7d8f55,0,none,-1
acct_5fe423bbe545,0,none,-1
acct_f66bfc5370fd,0,none,-1
acct_c18c42205d83,0,none,-1
acct_2f0115457d99,0,none,-1
acct_906c2376295f,0,none,-1
acct_d70dff6d01dd,0,none,-1
acct_71e9f651c748,0,none,-1
acct_e189ff9a9a9f,0,none,-1
acct_698b0d71b8a4,0,none,-1
acct_a951a4e3333f,0,none,-1
acct_4528c06c8a92,0,none,-1
acct_ff86345b9ea2,0,none,-1
acct_9f94f9966fa7,0,none,-1
acct_85c4cd564bdd,0,none,-1
acct_560461506e3e,0,none,-1
acct_f7e7c8eba1c8,0,none,-1
acct_6c61b0d565e5,0,none,-1
acct_7b2b497109c4,0,none,-1
acct_ffab71394a80,0,none,-1
acct_3d572bef5338,0,none,-1
acct_2a8407555112,0,none,-1
acct_dda763e5b703,0,none,-1
acct_71c504c821b9,0,none,-1
acct_a7e7a71ada7c,0,none,-1
acct_80de33d8e8be,0,none,-1
acct_df08312af839,0,none,-1
acct_7e85c2f79414,0,none,-1
acct_38f2359351a7,0,none,-1
acct_70f7fb3e80bf,0,none,-1
acct_381828745a51,0,none,-1
acct_49ef7dc59450,0,none,-1
acct_75c18e05a4ec,0,none,-1
acct_fa74a7d1ccb2,0,none,-1
acct_23d142eab800,0,none,-1
acct_5d0fa0400f6d,0,none,-1
acct_9e52ff73c30b,0,none,-1
acct_a7ab91420e08,0,none,-1
acct_a49ae4e1da1e,0,none,-1
acct_e2bec4116a90,0,none,-1
acct_3b59d2136776,0,none,-1
acct_5dbf2315005f,0,none,-1
acct_4e8a8b81e0ad,0,none,-1
acct_136a59c6d4bf,0,none,-1
acct_c4e4d148927e,0,none,-1
acct_4b923d3f1784,0,none,-1
acct_c5ec31d69653,0,none,-1
acct_c9a030019901,0,none,-1
acct_d755a0bb0546,0,none,-1
acct_25e64e1d58e1,0,none,-1
acct_8307428f5e40,0,none,-1
acct_9b0a9173912a,0,none,-1
acct_4fd82c4cad45,0,none,-1
acct_220dabe7cfaa,0,none,-1
acct_7dc4787fcbcc,0,none,-1
acct_4d60f93d6bec,0,none,-1
acct_8312cb77ce71,0,none,-1
acct_cff0afece49c,0,none,-1
acct_39086ab785a1,0,none,-1
acct_89040af65ce8,0,none,-1
acct_b549c2d6f983,0,none,-1
acct_0e91b75478d4,0,none,-1
acct_64fb5260f66b,0,none,-1
acct_c091fe857323,0,none,-1
acct_102a450bbc7d,0,none,-1
acct_65cd3ec96134,0,none,-1
acct_7065c26a5975,0,none,-1
acct_46c262df1bf0,0,none,-1
acct_03727beb6d62,0,none,-1
acct_464f90b3d64a,0,none,-1
acct_5a3eb1aa28e6,0,none,-1
acct_ae11e7a5c504,0,none,-1
acct_e00ced6330bb,0,none,-1
acct_2ae7c99e095f,0,none,-1
acct_637821efe7da,0,none,-1
acct_4df53aa94f95,0,none,-1
acct_609e4dd446e6,0,none,-1
acct_9cfab8c17836,0,none,-1
acct_1cff710dbe44,0,none,-1
acct_94a8bbc97461,0,none,-1
acct_aa6a6d2b72c8,0,none,-1
acct_97ddbcf6f58f,0,none,-1
acct_08fbae6e3d14,0,none,-1
acct_be2a23b7e3b2,0,none,-1
acct_2e1b0399197b,0,none,-1
acct_fbba8d59953d,0,none,-1
acct_d331a13242e3,0,none,-1
acct_4a5eb66722ae,0,none,-1
acct_9c01f0fa3689,0,none,-1
acct_e7c69e8f4e30,0,none,-1
acct_97f622f786de,0,none,-1
acct_d551109e4392,0,none,-1
acct_5e0d69105b1f,0,none,-1
acct_b2f579d9e8b3,0,none,-1
acct_105a98f58669,0,none,-1
acct_3f014a5bc7c7,0,none,-1
acct_38cf7f18f104,0,none,-1
acct_3786460bd27d,0,none,-1
acct_c14ba3fe2d42,0,none,-1
acct_fd16a9e30351,0,none,-1
acct_96d4d7fb085a,0,none,-1
acct_e3f0983acb1d,0,none,-1
acct_b2ec5d396bc1,0,none,-1
acct_faeb0cfd3064,0,none,-1
acct_541dae629a3f,0,none,-1
acct_75d46ca9b46e,0,none,-1
acct_7ffeb2cabdf6,0,none,-1
acct_a01d6ea69de8,0,none,-1
acct_8c24386963cd,0,none,-1
acct_ac3e8bcfe96e,0,none,-1
acct_6084f18ad9f1,0,none,-1
acct_7e043273fdcf,0,none,-1
acct_d7a32ebf6a51,0,none,-1
acct_0a4712f2c6c2,0,none,-1
acct_3ecfa9bb1734,0,none,-1
acct_c56d892be49d,0,none,-1
acct_4853de513834,0,none,-1
acct_95d04e3faf26,0,none,-1
acct_250cec014440,0,none,-1
acct_115755517145,0,none,-1
acct_54c72a6d91dd,0,none,-1
acct_d4c03f6987a8,0,none,-1
acct_63a9a3fe4e3e,0,none,-1
acct_ca8e192c032c,0,none,-1
acct_af7dce464685,0,none,-1
acct_7ba7eabb791b,0,none,-1
acct_b6142bbe6e89,0,none,-1
acct_897428e4c0fe,0,none,-1
acct_a66094b759e1,0,none,-1
acct_c63fd61d1031,0,none,-1
acct_cee532ac92af,0,none,-1
acct_fe4d0d02835c,0,none,-1
acct_9d1a34f5b9ce,0,none,-1
acct_5afb70d9a290,0,none,-1
acct_a6ecf1084eca,0,none,-1
acct_74c30549ab87,0,none,-1
acct_626f7ea57aa1,0,none,-1
acct_d99933ffb3e0,0,none,-1
acct_0697b4d71f73,0,none,-1
acct_8122a1bd80c2,0,none,-1
acct_874baee14d15,0,none,-1
acct_c2dee06ae0e8,0,none,-1
acct_eeea9b4acaa9,0,none,-1
acct_936f1e33112c,0,none,-1
acct_4da66c6d6017,0,none,-1
acct_3b88f6f765a4,0,none,-1
acct_c57156d0b43f,0,none,-1
acct_19c4d49a4e59,0,none,-1
acct_26352bb8e2dd,0,none,-1
acct_6b86c4e577b6,0,none,-1
acct_2001057ef2ba,0,none,-1
acct_a95fcac888e7,0,none,-1
acct_d7cc61c02988,0,none,-1
acct_9d6cf41315da,0,none,-1
acct_607ce16aad42,0,none,-1
acct_14f45e19faea,0,none,-1
acct_6bb1c24f4039,0,none,-1
acct_bf3e0eea6791,0,none,-1
acct_403ff7f48a49,0,none,-1
acct_d4caef843801,0,none,-1
acct_11b445bdd159,0,none,-1
acct_94e25403cf09,0,none,-1
acct_5175389b5ee5,0,none,-1
acct_2ec3cb1225ff,0,none,-1
acct_84ab5a47cf20,0,none,-1
acct_173db1aa6d3b,0,none,-1
acct_ec1677b4bff9,0,none,-1
acct_f8e068625b3e,0,none,-1
acct_0e9235bbbee6,0,none,-1
acct_4da9dbfb7104,0,none,-1
acct_28f215abcb92,0,none,-1
acct_e0b77de03517,0,none,-1
acct_8cc4039e570e,0,none,-1
acct_de092bb8c310,0,none,-1
acct_d9813fd35b2e,0,none,-1
acct_513cfcc0aba6,0,none,-1
acct_0d2ab9bca7d1,0,none,-1
acct_80d21bef7206,0,none,-1
acct_ce7955731d0e,0,none,-1
acct_b8c71816f861,0,none,-1
acct_54be62660c19,0,none,-1
acct_3bae6b384c7d,0,none,-1
acct_cb2355a95128,0,none,-1
acct_f0fa6f86cbe7,0,none,-1
acct_22d94cf85d8f,0,none,-1
acct_e417bb746af8,0,none,-1
acct_792d43c99e77,0,none,-1
acct_683b15eecfaf,0,none,-1
acct_6a514e167f80,0,none,-1
acct_8393dba8a977,0,none,-1
acct_3d9f6d4013c6,0,none,-1
acct_4ce0bb09e3a8,0,none,-1
acct_a01b2bde0873,0,none,-1
acct_b53e92d45df2,0,none,-1
acct_b55ca7faeae8,0,none,-1
acct_7ceaf7258173,0,none,-1
acct_e22cd0413a82,0,none,-1
acct_b6293161992a,0,none,-1
acct_4648887112f4,0,none,-1
acct_3b6d8e3ed1bd,0,none,-1
acct_55d8b1f37297,0,none,-1
acct_a5164061a78b,0,none,-1
acct_4c60d55a5afb,0,none,-1
acct_b3d14f19c54b,0,none,-1
acct_c4b335246158,0,none,-1
acct_435cc6b0d3cd,0,none,-1
acct_bcc6fa627a94,0,none,-1
acct_9a9ec4794948,0,none,-1
acct_bece72a16e70,0,none,-1
acct_cd2cdf77b51f,0,none,-1
acct_1a4cd5ad1bcc,0,none,-1
acct_d267d499cf01,0,none,-1
acct_d8a0dd623bfd,0,none,-1
acct_6f76fc0dc613,0,none,-1
acct_e82d4e46ca26,0,none,-1
acct_3f50fd926338,0,none,-1
acct_774c327185cf,0,none,-1
acct_beb1ee262993,0,none,-1
acct_690acf761a8d,0,none,-1
acct_7668495a38d1,0,none,-1
acct_abcba9d589d0,0,none,-1
acct_2c06a21fbbf9,0,none,-1
acct_f262057577d4,0,none,-1
acct_40768cba3499,0,none,-1
acct_26f3145c73b7,0,none,-1
acct_e0364b499f35,0,none,-1
acct_c5550df6bc8d,0,none,-1
acct_6c329f950709,0,none,-1
acct_f3da2ae7474e,0,none,-1
acct_46a5b830ef60,0,none,-1
acct_c1ba61434ded,0,none,-1
acct_afb6ba70f054,0,none,-1
acct_1249cbceb97e,0,none,-1
acct_d8328306fdb4,0,none,-1
acct_e77433256568,0,none,-1
acct_4e53251dbe67,0,none,-1
acct_f2c17a1f0d57,0,none,-1
acct_c0471199812b,0,none,-1
acct_af490b26272e,0,none,-1
acct_121ba4ddebb2,0,none,-1
acct_be3f2b4b5d5c,0,none,-1
acct_d0eba922fa5f,0,none,-1
acct_c0bd091b872f,0,none,-1
acct_b28cdb48cb32,0,none,-1
acct_2edac4ca537e,0,none,-1
acct_5757d3e370fc,0,none,-1
acct_8bbd1a6a559e,0,none,-1
acct_4893be498eea,0,none,-1
acct_c5f25f9e6733,0,none,-1
acct_d52efe732e15,0,none,-1
acct_0663f9fd7759,0,none,-1
acct_f9c043731604,0,none,-1
acct_928345b58e44,0,none,-1
acct_f08f977377e1,0,none,-1
acct_e6f3c65755a0,0,none,-1
acct_5e2c2ccee92f,0,none,-1
acct_6d84463b5023,0,none,-1
acct_1e9c1f344005,0,none,-1
acct_6100971e00e7,0,none,-1
acct_4000907b8420,0,none,-1
acct_d7ac49ebd680,0,none,-1
